hour,funding
1758708000,5.7834e-06
1758711600,-1.24326e-05
1758715200,7.617e-07
1758718800,1.341e-06
1758722400,9.1629e-06
1758726000,8.4651e-06
1758729600,8.2508e-06
1758733200,6.2066e-06
1758736800,1.10122e-05
1758740400,6.0737e-06
1758744000,1.16733e-05
1758747600,1.25e-05
1758751200,8.2051e-06
1758754800,1.25e-05
1758758400,1.25e-05
1758762000,1.25e-05
1758765600,1.25e-05
1758769200,1.25e-05
1758772800,1.25e-05
1758776400,6.8329e-06
1758780000,1.0399e-06
1758783600,3.5642e-06
1758787200,1.25e-05
1758790800,1.25e-05
1758794400,1.25e-05
1758798000,1.25e-05
1758801600,1.08736e-05
1758805200,8.0147e-06
1758808800,4.6982e-06
1758812400,9.6461e-06
1758816000,-1.0758e-06
1758819600,-3.7763e-06
1758823200,-2.968e-07
1758826800,8.4384e-06
1758830400,-1.5775e-06
1758834000,-1.4607e-06
1758837600,5.4594e-06
1758841200,3.8764e-06
1758844800,-4.343e-07
1758848400,-5.5769e-06
1758852000,-1.9747e-06
1758855600,-6.1726e-06
1758859200,-6.0303e-06
1758862800,-6.9855e-06
1758866400,-9.4064e-06
1758870000,-5.575e-06
1758873600,-1.0957e-06
1758877200,3.0365e-06
1758880800,4.3183e-06
1758884400,-1.9374e-06
1758888000,-4.1058e-06
1758891600,-1.04374e-05
1758895200,-4.6699e-06
1758898800,-1.02106e-05
1758902400,-2.48e-06
1758906000,-5.4362e-06
1758909600,-1.1521e-06
1758913200,2.3623e-06
1758916800,-2.3536e-06
1758920400,-1.5653e-06
1758924000,2.184e-06
1758927600,5.382e-07
1758931200,9.3461e-06
1758934800,1.02881e-05
1758938400,1.05987e-05
1758942000,1.25e-05
1758945600,1.25e-05
1758949200,1.25e-05
1758952800,1.25e-05
1758956400,1.25e-05
1758960000,1.25e-05
1758963600,8.7815e-06
1758967200,1.19733e-05
1758970800,1.25e-05
1758974400,1.25e-05
1758978000,1.25e-05
1758981600,1.25e-05
1758985200,1.25e-05
1758988800,1.25e-05
1758992400,1.25e-05
1758996000,1.25e-05
1758999600,1.25e-05
1759003200,1.25e-05
1759006800,1.25e-05
1759010400,1.25e-05
1759014000,1.25e-05
1759017600,1.25e-05
1759021200,1.25e-05
1759024800,1.25e-05
1759028400,1.25e-05
1759032000,1.25e-05
1759035600,1.25e-05
1759039200,1.25e-05
1759042800,1.25e-05
1759046400,1.25e-05
1759050000,1.25e-05
1759053600,1.18307e-05
1759057200,1.25e-05
1759060800,1.25e-05
1759064400,9.7166e-06
1759068000,8.8229e-06
1759071600,1.04089e-05
1759075200,7.9004e-06
1759078800,3.8362e-06
1759082400,5.3152e-06
1759086000,4.5743e-06
1759089600,5.8314e-06
1759093200,7.3659e-06
1759096800,1.093e-05
1759100400,1.25e-05
1759104000,1.25e-05
1759107600,1.03687e-05
1759111200,2.5773e-06
1759114800,-1.00815e-05
1759118400,-9.2295e-06
1759122000,-2.6868e-06
1759125600,7.159e-07
1759129200,-1.8654e-06
1759132800,-3.9131e-06
1759136400,3.0945e-06
1759140000,-1.75358e-05
1759143600,-9.1464e-06
1759147200,-6.0639e-06
1759150800,-6.1204e-06
1759154400,7.139e-07
1759158000,-2.2235e-06
1759161600,6.3942e-06
1759165200,1.25e-05
1759168800,4.516e-06
1759172400,6.6346e-06
1759176000,3.8861e-06
1759179600,7.8248e-06
1759183200,7.5731e-06
1759186800,7.9852e-06
1759190400,1.25e-05
1759194000,1.11828e-05
1759197600,1.25e-05
1759201200,1.25e-05
1759204800,1.25e-05
1759208400,8.6821e-06
1759212000,6.0561e-06
1759215600,6.8639e-06
1759219200,8.6047e-06
1759222800,1.25e-05
1759226400,6.3181e-06
1759230000,8.881e-06
1759233600,1.25e-05
1759237200,1.07407e-05
1759240800,1.25e-05
1759244400,1.09476e-05
1759248000,5.9457e-06
1759251600,4.699e-06
1759255200,1.25e-05
1759258800,1.25e-05
1759262400,1.25e-05
1759266000,1.25e-05
1759269600,1.25e-05
1759273200,1.05251e-05
1759276800,1.25e-05
1759280400,1.07554e-05
1759284000,1.25e-05
1759287600,1.25e-05
1759291200,1.25e-05
1759294800,1.25e-05
1759298400,1.25e-05
1759302000,1.25e-05
1759305600,1.25e-05
1759309200,1.25e-05
1759312800,1.25e-05
1759316400,1.25e-05
1759320000,1.25e-05
1759323600,1.25e-05
1759327200,1.25e-05
1759330800,1.25e-05
1759334400,1.25e-05
1759338000,1.25e-05
1759341600,1.25e-05
1759345200,1.25e-05
1759348800,1.25e-05
1759352400,1.25e-05
1759356000,1.25e-05
1759359600,1.25e-05
1759363200,1.25e-05
1759366800,1.25e-05
1759370400,1.25e-05
1759374000,1.25e-05
1759377600,1.25e-05
1759381200,1.25e-05
1759384800,1.25e-05
1759388400,1.25e-05
1759392000,1.25e-05
1759395600,1.25e-05
1759399200,1.25e-05
1759402800,1.25e-05
1759406400,1.25e-05
1759410000,1.25e-05
1759413600,1.25e-05
1759417200,1.25e-05
1759420800,1.25e-05
1759424400,1.25e-05
1759428000,1.25e-05
1759431600,1.25e-05
1759435200,1.25e-05
1759438800,1.25e-05
1759442400,1.25e-05
1759446000,1.25e-05
1759449600,1.25e-05
1759453200,1.25e-05
1759456800,1.25e-05
1759460400,1.25e-05
1759464000,1.25e-05
1759467600,1.25e-05
1759471200,1.25e-05
1759474800,1.25e-05
1759478400,1.25e-05
1759482000,1.25e-05
1759485600,1.25e-05
1759489200,1.25e-05
1759492800,1.25e-05
1759496400,1.25e-05
1759500000,1.25e-05
1759503600,1.25e-05
1759507200,1.25e-05
1759510800,1.25e-05
1759514400,1.25e-05
1759518000,1.25e-05
1759521600,1.25e-05
1759525200,1.25e-05
1759528800,1.25e-05
1759532400,1.25e-05
1759536000,1.25e-05
1759539600,1.25e-05
1759543200,1.25e-05
1759546800,1.25e-05
1759550400,1.25e-05
1759554000,1.25e-05
1759557600,1.25e-05
1759561200,1.25e-05
1759564800,1.25e-05
1759568400,1.25e-05
1759572000,1.25e-05
1759575600,1.25e-05
1759579200,1.25e-05
1759582800,1.25e-05
1759586400,1.25e-05
1759590000,1.25e-05
1759593600,1.25e-05
1759597200,1.25e-05
1759600800,1.25e-05
1759604400,1.25e-05
1759608000,1.25e-05
1759611600,1.25e-05
1759615200,1.25e-05
1759618800,1.25e-05
1759622400,1.25e-05
1759626000,1.25e-05
1759629600,1.25e-05
1759633200,1.25e-05
1759636800,1.25e-05
1759640400,1.25e-05
1759644000,1.25e-05
1759647600,1.25e-05
1759651200,1.25e-05
1759654800,1.25e-05
1759658400,1.25e-05
1759662000,1.25e-05
1759665600,1.25e-05
1759669200,1.25e-05
1759672800,1.25e-05
1759676400,1.25e-05
1759680000,1.25e-05
1759683600,1.25e-05
1759687200,1.25e-05
1759690800,1.25e-05
1759694400,1.25e-05
1759698000,1.25e-05
1759701600,1.25e-05
1759705200,1.25e-05
1759708800,1.25e-05
1759712400,1.25e-05
1759716000,1.25e-05
1759719600,1.3939e-05
1759723200,1.28311e-05
1759726800,1.25e-05
1759730400,1.25e-05
1759734000,2.18079e-05
1759737600,1.28898e-05
1759741200,2.26294e-05
1759744800,2.00151e-05
1759748400,1.57006e-05
1759752000,1.73421e-05
1759755600,1.49045e-05
1759759200,1.77899e-05
1759762800,1.25e-05
1759766400,1.25e-05
1759770000,1.25e-05
1759773600,1.25e-05
1759777200,1.25e-05
1759780800,1.25e-05
1759784400,1.25e-05
1759788000,1.25e-05
1759791600,1.25e-05
1759795200,1.25e-05
1759798800,1.25e-05
1759802400,1.25e-05
1759806000,1.25e-05
1759809600,1.25e-05
1759813200,1.25e-05
1759816800,1.25e-05
1759820400,1.25e-05
1759824000,1.25e-05
1759827600,1.25e-05
1759831200,1.25e-05
1759834800,1.25e-05
1759838400,1.25e-05
1759842000,1.25e-05
1759845600,1.25e-05
1759849200,1.25e-05
1759852800,1.71799e-05
1759856400,1.25e-05
1759860000,1.25e-05
1759863600,1.25e-05
1759867200,1.25e-05
1759870800,2.48032e-05
1759874400,2.51743e-05
1759878000,2.73543e-05
1759881600,2.10651e-05
1759885200,2.2767e-05
1759888800,3.04657e-05
1759892400,2.78045e-05
1759896000,1.73722e-05
1759899600,1.92435e-05
1759903200,1.46992e-05
1759906800,2.08393e-05
1759910400,1.85258e-05
1759914000,1.41329e-05
1759917600,1.46876e-05
1759921200,1.25e-05
1759924800,1.25e-05
1759928400,1.25e-05
1759932000,1.25e-05
1759935600,1.25e-05
1759939200,1.25e-05
1759942800,1.25e-05
1759946400,1.25e-05
1759950000,1.25e-05
1759953600,1.25e-05
1759957200,1.25e-05
1759960800,1.25e-05
1759964400,1.25e-05
1759968000,1.39685e-05
1759971600,1.25e-05
1759975200,1.25e-05
1759978800,1.25e-05
1759982400,1.25e-05
1759986000,1.25e-05
1759989600,1.25e-05
1759993200,1.25e-05
1759996800,1.25e-05
1760000400,1.25e-05
1760004000,1.25e-05
1760007600,1.25e-05
1760011200,1.25e-05
1760014800,1.25e-05
1760018400,1.25e-05
1760022000,1.25e-05
1760025600,1.25e-05
1760029200,1.25e-05
1760032800,1.25e-05
1760036400,1.25e-05
1760040000,1.25e-05
1760043600,1.25e-05
1760047200,1.25e-05
1760050800,1.25e-05
1760054400,1.25e-05
1760058000,1.25e-05
1760061600,1.25e-05
1760065200,1.25e-05
1760068800,1.25e-05
1760072400,1.25e-05
1760076000,1.25e-05
1760079600,1.25e-05
1760083200,6.6545e-06
1760086800,1.00394e-05
1760090400,1.25e-05
1760094000,1.25e-05
1760097600,1.25e-05
1760101200,1.25e-05
1760104800,9.1909e-06
1760108400,7.4779e-06
1760112000,-1.92686e-05
1760115600,-5.4947e-06
1760119200,7.1672e-06
1760122800,5.2177e-06
1760126400,-1.51557e-05
1760130000,-3.70817e-05
1760133600,-0.0003855844
1760137200,-0.0002295805
1760140800,-9.06934e-05
1760144400,-3.08253e-05
1760148000,-2.23573e-05
1760151600,-4.2468e-06
1760155200,-1.66816e-05
1760158800,-1.57125e-05
1760162400,-2.25903e-05
1760166000,-2.20119e-05
1760169600,-1.94588e-05
1760173200,-4.2937e-06
1760176800,-1.03715e-05
1760180400,-4.1965e-06
1760184000,-6.0389e-06
1760187600,-8.6772e-06
1760191200,-1.3628e-06
1760194800,-3.4604e-06
1760198400,-5.3344e-06
1760202000,-5.6149e-06
1760205600,-3.5194e-06
1760209200,-1.0889e-06
1760212800,-9.2761e-06
1760216400,-1.40902e-05
1760220000,-1.1661e-05
1760223600,-9.4227e-06
1760227200,-5.8552e-06
1760230800,-5.3472e-06
1760234400,6.7472e-06
1760238000,1.25e-05
1760241600,1.25e-05
1760245200,-1.7288e-06
1760248800,-4.6767e-06
1760252400,-4.205e-07
1760256000,-8.7536e-06
1760259600,-4.9448e-06
1760263200,-8.4584e-06
1760266800,-5.3994e-06
1760270400,4.518e-07
1760274000,2.5512e-06
1760277600,-9.4583e-06
1760281200,-2.5775e-06
1760284800,1.6082e-06
1760288400,5.1948e-06
1760292000,1.21576e-05
1760295600,1.389e-06
1760299200,2.5097e-06
1760302800,9.5928e-06
1760306400,1.25e-05
1760310000,8.279e-06
1760313600,3.2523e-06
1760317200,7.2843e-06
1760320800,9.2947e-06
1760324400,1.25e-05
1760328000,1.25e-05
1760331600,1.25e-05
1760335200,1.25e-05
1760338800,9.6184e-06
1760342400,1.25e-05
1760346000,1.25e-05
1760349600,1.25e-05
1760353200,1.25e-05
1760356800,1.25e-05
1760360400,1.25e-05
1760364000,1.25e-05
1760367600,1.25e-05
1760371200,1.25e-05
1760374800,1.25e-05
1760378400,1.25e-05
1760382000,1.25e-05
1760385600,8.8793e-06
1760389200,-7.6636e-06
1760392800,7.112e-07
1760396400,7.4129e-06
1760400000,7.9749e-06
1760403600,1.11164e-05
1760407200,7.8215e-06
1760410800,-4.102e-07
1760414400,2.2173e-06
1760418000,1.25e-05
1760421600,1.05876e-05
1760425200,6.8536e-06
1760428800,1.1361e-05
1760432400,7.644e-06
1760436000,1.25e-05
1760439600,5.3463e-06
1760443200,1.25e-05
1760446800,8.4146e-06
1760450400,8.1889e-06
1760454000,1.25e-05
1760457600,1.25e-05
1760461200,1.25e-05
1760464800,1.25e-05
1760468400,1.25e-05
1760472000,1.25e-05
1760475600,1.25e-05
1760479200,1.25e-05
1760482800,1.25e-05
1760486400,1.25e-05
1760490000,1.25e-05
1760493600,1.25e-05
1760497200,1.25e-05
1760500800,1.25e-05
1760504400,1.25e-05
1760508000,1.25e-05
1760511600,1.25e-05
1760515200,1.25e-05
1760518800,1.25e-05
1760522400,1.25e-05
1760526000,1.25e-05
1760529600,1.25e-05
1760533200,1.25e-05
1760536800,1.25e-05
1760540400,1.25e-05
1760544000,1.10702e-05
1760547600,6.3564e-06
1760551200,5.3386e-06
1760554800,1.25e-05
1760558400,-3.2505e-06
1760562000,-3.83e-06
1760565600,1.7979e-06
1760569200,8.787e-07
1760572800,4.8922e-06
1760576400,5.0411e-06
1760580000,6.4116e-06
1760583600,1.2213e-06
1760587200,7.2814e-06
1760590800,6.9449e-06
1760594400,1.0168e-06
1760598000,3.7615e-06
1760601600,2.2938e-06
1760605200,-7.6721e-06
1760608800,1.2627e-06
1760612400,1.03495e-05
1760616000,1.25e-05
1760619600,1.25e-05
1760623200,1.25e-05
1760626800,1.25e-05
1760630400,-4.0871e-06
1760634000,-8.594e-06
1760637600,-6.295e-07
1760641200,2.1164e-06
1760644800,3.3429e-06
1760648400,-1.11214e-05
1760652000,-7.5308e-06
1760655600,-5.9272e-06
1760659200,-1.1576e-06
1760662800,5.9256e-06
1760666400,4.2195e-06
1760670000,4.3108e-06
1760673600,4.5306e-06
1760677200,3.61e-08
1760680800,-4.5813e-06
1760684400,-1.58959e-05
1760688000,1.25e-05
1760691600,1.25e-05
1760695200,1.25e-05
1760698800,1.25e-05
1760702400,1.25e-05
1760706000,1.25e-05
1760709600,1.25e-05
1760713200,1.25e-05
1760716800,1.25e-05
1760720400,1.25e-05
1760724000,1.25e-05
1760727600,1.25e-05
1760731200,1.25e-05
1760734800,1.25e-05
1760738400,1.25e-05
1760742000,1.25e-05
1760745600,1.25e-05
1760749200,1.25e-05
1760752800,1.25e-05
1760756400,1.25e-05
1760760000,1.25e-05
1760763600,1.19433e-05
1760767200,1.15279e-05
1760770800,1.25e-05
1760774400,1.25e-05
1760778000,1.25e-05
1760781600,1.25e-05
1760785200,1.25e-05
1760788800,1.25e-05
1760792400,1.25e-05
1760796000,1.23834e-05
1760799600,1.25e-05
1760803200,1.25e-05
1760806800,1.12136e-05
1760810400,7.6436e-06
1760814000,1.25e-05
1760817600,1.25e-05
1760821200,1.25e-05
1760824800,1.25e-05
1760828400,1.25e-05
1760832000,1.25e-05
1760835600,8.766e-06
1760839200,1.25e-05
1760842800,1.25e-05
1760846400,1.25e-05
1760850000,9.6291e-06
1760853600,8.9846e-06
1760857200,3.5562e-06
1760860800,1.3381e-06
1760864400,-7.4156e-06
1760868000,-7.984e-06
1760871600,-7.5618e-06
1760875200,-1.70765e-05
1760878800,-7.4911e-06
1760882400,-5.8737e-06
1760886000,-1.09131e-05
1760889600,-7.978e-06
1760893200,1.1488e-06
1760896800,3.4812e-06
1760900400,2.657e-06
1760904000,-4.8305e-06
1760907600,-8.6601e-06
1760911200,-1.23972e-05
1760914800,-1.40248e-05
1760918400,-1.09998e-05
1760922000,-3.1084e-06
1760925600,-4.3419e-06
1760929200,-3.6908e-06
1760932800,4.8327e-06
1760936400,1.25e-05
1760940000,8.7842e-06
1760943600,1.25e-05
1760947200,1.25e-05
1760950800,1.25e-05
1760954400,1.17916e-05
1760958000,8.4048e-06
1760961600,1.25e-05
1760965200,1.25e-05
1760968800,1.25e-05
1760972400,1.25e-05
1760976000,1.25e-05
1760979600,1.25e-05
1760983200,1.25e-05
1760986800,1.25e-05
1760990400,1.25e-05
1760994000,1.25e-05
1760997600,1.25e-05
1761001200,1.25e-05
1761004800,1.25e-05
1761008400,1.25e-05
1761012000,1.25e-05
1761015600,1.25e-05
1761019200,1.25e-05
1761022800,1.25e-05
1761026400,1.25e-05
1761030000,1.25e-05
1761033600,1.25e-05
1761037200,1.10391e-05
1761040800,1.25e-05
1761044400,1.25e-05
1761048000,1.25e-05
1761051600,1.25e-05
1761055200,1.25e-05
1761058800,1.25e-05
1761062400,1.25e-05
1761066000,1.25e-05
1761069600,1.25e-05
1761073200,1.25e-05
1761076800,1.25e-05
1761080400,7.7975e-06
1761084000,2.2918e-06
1761087600,-9.0437e-06
1761091200,-1.48528e-05
1761094800,-1.1851e-05
1761098400,-3.4748e-06
1761102000,-2.9198e-06
1761105600,-3.1762e-06
1761109200,5.475e-07
1761112800,2.6594e-06
1761116400,3.4262e-06
1761120000,7.5521e-06
1761123600,1.02056e-05
1761127200,8.0995e-06
1761130800,9.9086e-06
1761134400,6.4496e-06
1761138000,1.25e-05
1761141600,1.25e-05
1761145200,1.18332e-05
1761148800,-4.1865e-06
1761152400,-1.2775e-05
1761156000,-9.4025e-06
1761159600,-9.9926e-06
1761163200,6.318e-07
1761166800,6.36e-07
1761170400,-2.1812e-06
1761174000,-9.5086e-06
1761177600,-1.7587e-06
1761181200,4.7453e-06
1761184800,3.9805e-06
1761188400,6.9551e-06
1761192000,6.1453e-06
1761195600,5.6013e-06
1761199200,1.06185e-05
1761202800,1.25e-05
1761206400,8.4962e-06
1761210000,1.25e-05
1761213600,1.25e-05
1761217200,1.25e-05
1761220800,1.25e-05
1761224400,1.25e-05
1761228000,1.25e-05
1761231600,1.25e-05
1761235200,1.25e-05
1761238800,1.25e-05
1761242400,1.25e-05
1761246000,1.25e-05
1761249600,1.25e-05
1761253200,1.25e-05
1761256800,1.25e-05
1761260400,1.25e-05
1761264000,1.25e-05
1761267600,1.25e-05
1761271200,1.25e-05
1761274800,1.25e-05
1761278400,1.25e-05
1761282000,1.25e-05
1761285600,1.25e-05
1761289200,1.25e-05
1761292800,1.25e-05
1761296400,1.25e-05
1761300000,1.25e-05
1761303600,1.25e-05
1761307200,1.25e-05
1761310800,1.25e-05
1761314400,1.25e-05
1761318000,1.25e-05
1761321600,1.25e-05
1761325200,1.25e-05
1761328800,1.25e-05
1761332400,1.25e-05
1761336000,1.25e-05
1761339600,1.25e-05
1761343200,1.25e-05
1761346800,1.25e-05
1761350400,1.25e-05
1761354000,1.25e-05
1761357600,1.25e-05
1761361200,1.25e-05
1761364800,1.25e-05
1761368400,1.25e-05
1761372000,1.25e-05
1761375600,1.25e-05
1761379200,1.25e-05
1761382800,1.25e-05
1761386400,1.25e-05
1761390000,1.25e-05
1761393600,1.25e-05
1761397200,1.25e-05
1761400800,1.25e-05
1761404400,1.25e-05
1761408000,1.25e-05
1761411600,1.25e-05
1761415200,1.25e-05
1761418800,1.25e-05
1761422400,1.25e-05
1761426000,1.25e-05
1761429600,1.25e-05
1761433200,1.25e-05
1761436800,1.25e-05
1761440400,1.25e-05
1761444000,1.25e-05
1761447600,1.25e-05
1761451200,1.25e-05
1761454800,1.25e-05
1761458400,1.25e-05
1761462000,1.25e-05
1761465600,1.25e-05
1761469200,1.25e-05
1761472800,1.25e-05
1761476400,1.25e-05
1761480000,1.25e-05
1761483600,1.25e-05
1761487200,1.25e-05
1761490800,1.25e-05
1761494400,1.25e-05
1761498000,1.25e-05
1761501600,1.25e-05
1761505200,1.25e-05
1761508800,1.25e-05
1761512400,1.25e-05
1761516000,1.25e-05
1761519600,1.25e-05
1761523200,1.25e-05
1761526800,1.25e-05
1761530400,1.25e-05
1761534000,1.25e-05
1761537600,1.25e-05
1761541200,1.25e-05
1761544800,1.25e-05
1761548400,1.25e-05
1761552000,1.25e-05
1761555600,1.25e-05
1761559200,1.25e-05
1761562800,1.25e-05
1761566400,1.25e-05
1761570000,1.25e-05
1761573600,1.25e-05
1761577200,1.25e-05
1761580800,1.25e-05
1761584400,1.25e-05
1761588000,1.25e-05
1761591600,1.25e-05
1761595200,1.25e-05
1761598800,1.25e-05
1761602400,1.25e-05
1761606000,1.25e-05
1761609600,1.25e-05
1761613200,1.25e-05
1761616800,1.25e-05
1761620400,1.25e-05
1761624000,1.25e-05
1761627600,1.25e-05
1761631200,1.25e-05
1761634800,1.25e-05
1761638400,1.25e-05
1761642000,1.25e-05
1761645600,1.25e-05
1761649200,1.25e-05
1761652800,1.25e-05
1761656400,1.25e-05
1761660000,1.25e-05
1761663600,1.25e-05
1761667200,1.25e-05
1761670800,1.25e-05
1761674400,1.25e-05
1761678000,1.25e-05
1761681600,1.25e-05
1761685200,1.09933e-05
1761688800,1.19638e-05
1761692400,1.25e-05
1761696000,1.21222e-05
1761699600,1.25e-05
1761703200,1.25e-05
1761706800,1.25e-05
1761710400,1.25e-05
1761714000,1.25e-05
1761717600,1.25e-05
1761721200,6.8603e-06
1761724800,4.081e-06
1761728400,6.3862e-06
1761732000,-2.12514e-05
1761735600,-3.04612e-05
1761739200,-1.17323e-05
1761742800,-6.2524e-06
1761746400,-3.3712e-06
1761750000,5.9489e-06
1761753600,3.567e-07
1761757200,7.4963e-06
1761760800,9.5213e-06
1761764400,8.084e-07
1761768000,1.25e-05
1761771600,1.25e-05
1761775200,1.25e-05
1761778800,1.25e-05
1761782400,1.25e-05
1761786000,1.25e-05
1761789600,1.25e-05
1761793200,1.25e-05
1761796800,1.25e-05
1761800400,1.25e-05
1761804000,1.25e-05
1761807600,1.25e-05
1761811200,1.25e-05
1761814800,1.25e-05
1761818400,1.25e-05
1761822000,1.25e-05
1761825600,1.25e-05
1761829200,1.25e-05
1761832800,1.25e-05
1761836400,1.25e-05
1761840000,1.25e-05
1761843600,1.25e-05
1761847200,1.25e-05
1761850800,1.25e-05
1761854400,1.25e-05
1761858000,1.25e-05
1761861600,1.25e-05
1761865200,1.25e-05
1761868800,1.25e-05
1761872400,1.25e-05
1761876000,1.25e-05
1761879600,1.25e-05
1761883200,1.25e-05
1761886800,1.25e-05
1761890400,1.25e-05
1761894000,1.25e-05
1761897600,1.25e-05
1761901200,1.25e-05
1761904800,1.25e-05
1761908400,1.25e-05
1761912000,1.25e-05
1761915600,1.25e-05
1761919200,1.25e-05
1761922800,4.0784e-06
1761926400,4.83e-08
1761930000,-1.0665e-06
1761933600,7.6828e-06
1761937200,8.2971e-06
1761940800,1.25e-05
1761944400,8.4196e-06
1761948000,5.3065e-06
1761951600,5.2802e-06
1761955200,4.041e-07
1761958800,1.7368e-06
1761962400,5.6422e-06
1761966000,2.5859e-06
1761969600,5.0148e-06
1761973200,5.1641e-06
1761976800,4.4067e-06
1761980400,3.3868e-06
1761984000,7.312e-06
1761987600,4.2726e-06
1761991200,4.4e-07
1761994800,2.5115e-06
1761998400,6.8407e-06
1762002000,6.0439e-06
1762005600,5.1198e-06
1762009200,6.11e-07
1762012800,-7.016e-07
1762016400,5.1047e-06
1762020000,5.983e-06
1762023600,1.7198e-06
1762027200,4.4172e-06
1762030800,9.8339e-06
1762034400,5.4282e-06
1762038000,7.2258e-06
1762041600,6.7438e-06
1762045200,5.6387e-06
1762048800,4.0959e-06
1762052400,6.5055e-06
1762056000,5.4661e-06
1762059600,6.2838e-06
1762063200,8.698e-06
1762066800,7.097e-06
1762070400,1.25e-05
1762074000,1.25e-05
1762077600,1.25e-05
1762081200,9.6147e-06
1762084800,4.2184e-06
1762088400,3.9738e-06
1762092000,1.3301e-06
1762095600,-3.666e-07
1762099200,1.3415e-06
1762102800,5.2373e-06
1762106400,7.2676e-06
1762110000,7.5613e-06
1762113600,5.3397e-06
1762117200,6.9957e-06
1762120800,7.1318e-06
1762124400,2.3434e-06
1762128000,6.5972e-06
1762131600,-2.042e-06
1762135200,1.2713e-06
1762138800,3.5508e-06
1762142400,-5.392e-06
1762146000,-4.8928e-06
1762149600,4.5061e-06
1762153200,-3.776e-06
1762156800,2.4255e-06
1762160400,2.6379e-06
1762164000,4.8081e-06
1762167600,5.3387e-06
1762171200,3.695e-06
1762174800,4.8538e-06
1762178400,9.32e-06
1762182000,-1.06274e-05
1762185600,-3.5011e-05
1762189200,-4.5368e-06
1762192800,1.21217e-05
1762196400,1.2818e-06
1762200000,1.5e-09
1762203600,7.554e-07
1762207200,-6.9e-07
1762210800,-3.2333e-06
1762214400,3.5416e-06
1762218000,6.4303e-06
1762221600,7.6148e-06
1762225200,3.021e-07
1762228800,4.4072e-06
1762232400,9.207e-07
1762236000,-1.01849e-05
1762239600,-2.8941e-06
1762243200,-7.91e-07
1762246800,-7.48e-08
1762250400,1.01916e-05
1762254000,1.05058e-05
1762257600,1.25e-05
1762261200,1.25e-05
1762264800,1.25e-05
1762268400,7.969e-06
1762272000,8.7773e-06
1762275600,2.6686e-06
1762279200,-5.11808e-05
1762282800,-2.86118e-05
1762286400,1.25e-05
1762290000,-6.1965e-06
1762293600,4.8888e-06
1762297200,1.25e-05
1762300800,1.25e-05
1762304400,7.2428e-06
1762308000,2.9758e-06
1762311600,9.9857e-06
1762315200,7.6182e-06
1762318800,3.5844e-06
1762322400,1.8315e-06
1762326000,-3.667e-07
1762329600,-6.11e-07
1762333200,4.3861e-06
1762336800,1.9588e-06
1762340400,-5.376e-07
1762344000,2.2948e-06
1762347600,6.169e-06
1762351200,1.25e-05
1762354800,-2.6763e-06
1762358400,-3.0877e-06
1762362000,1.25e-05
1762365600,1.25e-05
1762369200,1.25e-05
1762372800,1.25e-05
1762376400,1.25e-05
1762380000,1.25e-05
1762383600,1.25e-05
1762387200,1.25e-05
1762390800,1.25e-05
1762394400,1.25e-05
1762398000,1.25e-05
1762401600,1.25e-05
1762405200,1.25e-05
1762408800,1.25e-05
1762412400,1.25e-05
1762416000,1.25e-05
1762419600,1.25e-05
1762423200,1.25e-05
1762426800,1.25e-05
1762430400,1.25e-05
1762434000,1.25e-05
1762437600,1.25e-05
1762441200,1.25e-05
1762444800,8.5408e-06
1762448400,-2.0206e-05
1762452000,3.1088e-06
1762455600,2.5144e-06
1762459200,4.2083e-06
1762462800,-4.147e-07
1762466400,1.06054e-05
1762470000,7.7968e-06
1762473600,-1.654e-07
1762477200,1.1815e-06
1762480800,-3.0161e-06
1762484400,2.2723e-06
1762488000,1.25e-05
1762491600,1.25e-05
1762495200,1.25e-05
1762498800,1.25e-05
1762502400,-1.439e-06
1762506000,4.2748e-06
1762509600,1.25e-05
1762513200,1.12929e-05
1762516800,-6.9217e-06
1762520400,-4.4137e-06
1762524000,-3.7969e-06
1762527600,2.8921e-06
1762531200,1.25e-05
1762534800,1.25e-05
1762538400,1.25e-05
1762542000,1.25e-05
1762545600,1.25e-05
1762549200,1.25e-05
1762552800,1.25e-05
1762556400,1.25e-05
1762560000,1.25e-05
1762563600,1.25e-05
1762567200,1.25e-05
1762570800,1.25e-05
1762574400,1.25e-05
1762578000,1.25e-05
1762581600,1.25e-05
1762585200,1.25e-05
1762588800,1.25e-05
1762592400,1.25e-05
1762596000,1.25e-05
1762599600,1.25e-05
1762603200,1.25e-05
1762606800,1.25e-05
1762610400,1.25e-05
1762614000,1.25e-05
1762617600,1.25e-05
1762621200,1.25e-05
1762624800,1.25e-05
1762628400,1.25e-05
1762632000,1.25e-05
1762635600,1.25e-05
1762639200,1.25e-05
1762642800,1.25e-05
1762646400,1.25e-05
1762650000,1.25e-05
1762653600,1.25e-05
1762657200,1.25e-05
1762660800,1.25e-05
1762664400,1.25e-05
1762668000,1.25e-05
1762671600,1.25e-05
1762675200,1.25e-05
1762678800,1.25e-05
1762682400,1.25e-05
1762686000,1.25e-05
1762689600,1.25e-05
1762693200,1.25e-05
1762696800,1.25e-05
1762700400,1.25e-05
1762704000,1.25e-05
1762707600,1.25e-05
1762711200,1.25e-05
1762714800,1.25e-05
1762718400,1.25e-05
1762722000,1.25e-05
1762725600,1.25e-05
1762729200,1.25e-05
1762732800,1.25e-05
1762736400,1.25e-05
1762740000,1.25e-05
1762743600,1.25e-05
1762747200,1.25e-05
1762750800,1.25e-05
1762754400,1.25e-05
1762758000,1.25e-05
1762761600,1.25e-05
1762765200,1.25e-05
1762768800,1.25e-05
1762772400,1.25e-05
1762776000,1.25e-05
1762779600,1.25e-05
1762783200,1.25e-05
1762786800,1.25e-05
1762790400,1.25e-05
1762794000,1.25e-05
1762797600,1.25e-05
1762801200,1.25e-05
1762804800,1.25e-05
1762808400,1.25e-05
1762812000,1.25e-05
1762815600,1.25e-05
1762819200,1.25e-05
1762822800,1.25e-05
1762826400,1.25e-05
1762830000,1.25e-05
1762833600,1.25e-05
1762837200,1.25e-05
1762840800,1.25e-05
1762844400,1.25e-05
1762848000,1.25e-05
1762851600,1.25e-05
1762855200,1.25e-05
1762858800,1.25e-05
1762862400,1.25e-05
1762866000,8.5254e-06
1762869600,1.25e-05
1762873200,4.6099e-06
1762876800,-7.884e-06
1762880400,-7.1553e-06
1762884000,-1.30405e-05
1762887600,-7.4299e-06
1762891200,-3.3641e-06
1762894800,-4.3312e-06
1762898400,-1.03795e-05
1762902000,-1.12154e-05
1762905600,-1.54772e-05
1762909200,-2.6038e-06
1762912800,2.0658e-06
1762916400,6.636e-07
1762920000,-3.152e-07
1762923600,-2.7115e-06
1762927200,-1.69815e-05
1762930800,-1.0119e-05
1762934400,-1.10537e-05
1762938000,-5.2138e-06
1762941600,-2.1594e-06
1762945200,-3.7808e-06
1762948800,-1.04256e-05
1762952400,1.4073e-06
1762956000,5.5581e-06
1762959600,-2.1989e-06
1762963200,-4.301e-06
1762966800,-1.05296e-05
1762970400,5.3325e-06
1762974000,4.4596e-06
1762977600,2.1202e-06
1762981200,2.7481e-06
1762984800,4.9528e-06
1762988400,8.1248e-06
1762992000,1.02959e-05
1762995600,1.25e-05
1762999200,1.25e-05
1763002800,1.25e-05
1763006400,1.22801e-05
1763010000,1.25e-05
1763013600,1.25e-05
1763017200,1.25e-05
1763020800,1.25e-05
1763024400,3.7374e-06
1763028000,5.7256e-06
1763031600,9.0889e-06
1763035200,6.4569e-06
1763038800,7.0786e-06
1763042400,1.5635e-06
1763046000,1.03909e-05
1763049600,1.25e-05
1763053200,1.25e-05
1763056800,1.25e-05
1763060400,1.25e-05
1763064000,1.25e-05
1763067600,1.25e-05
1763071200,1.25e-05
1763074800,1.25e-05
1763078400,1.25e-05
1763082000,1.25e-05
1763085600,1.25e-05
1763089200,1.25e-05
1763092800,1.25e-05
1763096400,1.25e-05
1763100000,1.25e-05
1763103600,1.25e-05
1763107200,1.25e-05
1763110800,1.25e-05
1763114400,1.25e-05
1763118000,1.25e-05
1763121600,1.25e-05
1763125200,1.25e-05
1763128800,1.25e-05
1763132400,1.25e-05
1763136000,1.25e-05
1763139600,1.25e-05
1763143200,1.25e-05
1763146800,1.25e-05
1763150400,1.25e-05
1763154000,1.25e-05
1763157600,1.25e-05
1763161200,1.25e-05
1763164800,1.25e-05
1763168400,1.25e-05
1763172000,1.25e-05
1763175600,1.25e-05
1763179200,1.25e-05
1763182800,1.25e-05
1763186400,1.25e-05
1763190000,1.25e-05
1763193600,1.25e-05
1763197200,1.25e-05
1763200800,1.25e-05
1763204400,1.25e-05
1763208000,1.25e-05
1763211600,1.25e-05
1763215200,1.25e-05
1763218800,1.25e-05
1763222400,1.25e-05
1763226000,1.25e-05
1763229600,1.25e-05
1763233200,1.25e-05
1763236800,1.25e-05
1763240400,1.25e-05
1763244000,1.25e-05
1763247600,1.25e-05
1763251200,1.25e-05
1763254800,1.25e-05
1763258400,1.25e-05
1763262000,1.25e-05
1763265600,1.25e-05
1763269200,1.25e-05
1763272800,1.25e-05
1763276400,1.25e-05
1763280000,1.25e-05
1763283600,1.25e-05
1763287200,1.25e-05
1763290800,1.25e-05
1763294400,1.25e-05
1763298000,1.25e-05
1763301600,1.25e-05
1763305200,1.25e-05
1763308800,1.25e-05
1763312400,1.25e-05
1763316000,1.25e-05
1763319600,1.25e-05
1763323200,1.25e-05
1763326800,1.25e-05
1763330400,1.25e-05
1763334000,1.25e-05
1763337600,1.25e-05
1763341200,1.25e-05
1763344800,1.25e-05
1763348400,1.25e-05
1763352000,1.25e-05
1763355600,1.25e-05
1763359200,1.25e-05
1763362800,1.25e-05
1763366400,1.25e-05
1763370000,1.25e-05
1763373600,1.25e-05
1763377200,1.25e-05
1763380800,1.25e-05
1763384400,1.25e-05
1763388000,1.25e-05
1763391600,1.25e-05
1763395200,1.25e-05
1763398800,1.25e-05
1763402400,1.25e-05
1763406000,1.25e-05
1763409600,1.25e-05
1763413200,1.25e-05
1763416800,1.25e-05
1763420400,1.25e-05
1763424000,1.25e-05
1763427600,1.25e-05
1763431200,1.25e-05
1763434800,1.25e-05
1763438400,1.25e-05
1763442000,1.25e-05
1763445600,1.25e-05
1763449200,1.28694e-05
1763452800,1.83494e-05
1763456400,1.83293e-05
1763460000,1.753e-05
1763463600,1.25e-05
1763467200,1.25e-05
1763470800,1.25e-05
1763474400,1.25e-05
1763478000,1.25e-05
1763481600,1.25e-05
1763485200,1.25e-05
1763488800,1.25e-05
1763492400,1.25e-05
1763496000,1.25e-05
1763499600,1.25e-05
1763503200,1.25e-05
1763506800,1.25e-05
1763510400,1.25e-05
1763514000,1.25e-05
1763517600,1.25e-05
1763521200,1.25e-05
1763524800,1.25e-05
1763528400,1.25e-05
1763532000,1.25e-05
1763535600,1.25e-05
1763539200,1.25e-05
1763542800,1.25e-05
1763546400,1.25e-05
1763550000,1.25e-05
1763553600,1.25e-05
1763557200,1.25e-05
1763560800,1.25e-05
1763564400,1.25e-05
1763568000,1.25e-05
1763571600,1.25e-05
1763575200,1.25e-05
1763578800,1.25e-05
1763582400,1.25e-05
1763586000,1.25e-05
1763589600,1.25e-05
1763593200,1.25e-05
1763596800,1.25e-05
1763600400,1.25e-05
1763604000,1.25e-05
1763607600,1.25e-05
1763611200,1.25e-05
1763614800,1.25e-05
1763618400,1.25e-05
1763622000,1.25e-05
1763625600,1.25e-05
1763629200,1.25e-05
1763632800,1.25e-05
1763636400,1.25e-05
1763640000,1.25e-05
1763643600,1.25e-05
1763647200,1.25e-05
1763650800,1.25e-05
1763654400,1.25e-05
1763658000,1.25e-05
1763661600,1.25e-05
1763665200,1.25e-05
1763668800,1.25e-05
1763672400,1.25e-05
1763676000,1.25e-05
1763679600,1.25e-05
1763683200,1.25e-05
1763686800,1.25e-05
1763690400,1.25e-05
1763694000,1.25e-05
1763697600,1.25e-05
1763701200,1.25e-05
1763704800,1.25e-05
1763708400,1.25e-05
1763712000,1.25e-05
1763715600,1.25e-05
1763719200,1.25e-05
1763722800,1.25e-05
1763726400,1.25e-05
1763730000,1.25e-05
1763733600,1.25e-05
1763737200,1.25e-05
1763740800,4.1621e-06
1763744400,9.0494e-06
1763748000,7.6769e-06
1763751600,8.6553e-06
1763755200,5.6295e-06
1763758800,1.12132e-05
1763762400,1.25e-05
1763766000,9.3202e-06
1763769600,1.25e-05
1763773200,1.25e-05
1763776800,1.25e-05
1763780400,8.2015e-06
1763784000,1.07097e-05
1763787600,1.10568e-05
1763791200,9.563e-06
1763794800,7.395e-06
1763798400,9.9456e-06
1763802000,6.9578e-06
1763805600,1.25e-05
1763809200,1.25e-05
1763812800,1.25e-05
1763816400,1.25e-05
1763820000,1.25e-05
1763823600,1.25e-05
1763827200,1.25e-05
1763830800,1.25e-05
1763834400,1.25e-05
1763838000,1.25e-05
1763841600,1.25e-05
1763845200,1.25e-05
1763848800,1.25e-05
1763852400,1.25e-05
1763856000,1.25e-05
1763859600,1.25e-05
1763863200,1.25e-05
1763866800,1.25e-05
1763870400,1.25e-05
1763874000,1.25e-05
1763877600,1.25e-05
1763881200,1.25e-05
1763884800,1.25e-05
1763888400,1.25e-05
1763892000,1.19534e-05
1763895600,1.16496e-05
1763899200,1.25e-05
1763902800,1.25e-05
1763906400,1.25e-05
1763910000,1.25e-05
1763913600,1.25e-05
1763917200,1.8081e-06
1763920800,4.6071e-06
1763924400,7.2408e-06
1763928000,5.2341e-06
1763931600,7.5559e-06
1763935200,7.7877e-06
1763938800,1.05861e-05
1763942400,6.928e-06
1763946000,1.04834e-05
1763949600,1.23506e-05
1763953200,1.25e-05
1763956800,1.05316e-05
1763960400,9.9384e-06
1763964000,1.25e-05
1763967600,8.4617e-06
1763971200,5.6961e-06
1763974800,1.14449e-05
1763978400,1.06323e-05
1763982000,1.25e-05
1763985600,1.25e-05
1763989200,1.25e-05
1763992800,1.25e-05
1763996400,1.25e-05
1764000000,1.25e-05
1764003600,1.25e-05
1764007200,1.25e-05
1764010800,8.8919e-06
1764014400,1.25e-05
1764018000,1.25e-05
1764021600,1.25e-05
1764025200,1.14302e-05
1764028800,1.25e-05
1764032400,1.25e-05
1764036000,1.25e-05
1764039600,1.25e-05
1764043200,1.25e-05
1764046800,1.25e-05
1764050400,1.25e-05
1764054000,1.25e-05
1764057600,1.25e-05
1764061200,1.25e-05
1764064800,1.25e-05
1764068400,1.25e-05
1764072000,1.25e-05
1764075600,1.25e-05
1764079200,1.25e-05
1764082800,1.25e-05
1764086400,1.25e-05
1764090000,1.25e-05
1764093600,1.25e-05
1764097200,1.25e-05
1764100800,1.25e-05
1764104400,1.25e-05
1764108000,1.25e-05
1764111600,1.25e-05
1764115200,1.25e-05
1764118800,1.25e-05
1764122400,1.25e-05
1764126000,1.25e-05
1764129600,1.25e-05
1764133200,1.25e-05
1764136800,1.25e-05
1764140400,1.25e-05
1764144000,1.25e-05
1764147600,1.25e-05
1764151200,1.25e-05
1764154800,1.25e-05
1764158400,1.25e-05
1764162000,1.25e-05
1764165600,1.25e-05
1764169200,1.25e-05
1764172800,1.25e-05
1764176400,1.25e-05
1764180000,1.25e-05
1764183600,1.25e-05
1764187200,7.6338e-06
1764190800,7.175e-06
1764194400,1.05027e-05
1764198000,1.25e-05
1764201600,1.25e-05
1764205200,1.25e-05
1764208800,1.25e-05
1764212400,1.25e-05
1764216000,1.25e-05
1764219600,1.25e-05
1764223200,1.25e-05
1764226800,1.25e-05
1764230400,1.25e-05
1764234000,1.25e-05
1764237600,1.25e-05
1764241200,1.25e-05
1764244800,1.06479e-05
1764248400,4.1509e-06
1764252000,1.25e-05
1764255600,1.25e-05
1764259200,1.25e-05
1764262800,1.25e-05
1764266400,1.25e-05
1764270000,1.25e-05
1764273600,1.25e-05
1764277200,1.25e-05
1764280800,1.25e-05
1764284400,1.25e-05
1764288000,1.25e-05
1764291600,1.25e-05
1764295200,9.9614e-06
1764298800,8.9117e-06
1764302400,1.2229e-06
1764306000,1.07492e-05
1764309600,8.6991e-06
1764313200,7.3032e-06
1764316800,4.874e-06
1764320400,6.0089e-06
1764324000,6.9734e-06
1764327600,5.7464e-06
1764331200,9.9488e-06
1764334800,8.6926e-06
1764338400,1.25e-05
1764342000,1.25e-05
1764345600,5.483e-07
1764349200,4.1853e-06
1764352800,2.6386e-06
1764356400,3.2724e-06
1764360000,3.3672e-06
1764363600,3.4755e-06
1764367200,3.483e-06
1764370800,8.6858e-06
1764374400,9.1405e-06
1764378000,7.1462e-06
1764381600,4.9401e-06
1764385200,1.7384e-06
1764388800,5.4435e-06
1764392400,8.5704e-06
1764396000,9.1339e-06
1764399600,-2.544e-06
1764403200,-1.81012e-05
1764406800,-1.74182e-05
1764410400,-1.48251e-05
1764414000,4.175e-07
1764417600,4.7537e-06
1764421200,-1.782e-07
1764424800,1.8371e-06
1764428400,2.2855e-06
1764432000,4.5116e-06
1764435600,1.25e-05
1764439200,6.8364e-06
1764442800,1.25e-05
1764446400,1.25e-05
1764450000,1.07014e-05
1764453600,7.8027e-06
1764457200,9.0254e-06
1764460800,8.768e-06
1764464400,8.0912e-06
1764468000,1.00383e-05
1764471600,9.719e-06
1764475200,1.25e-05
1764478800,1.25e-05
1764482400,1.16957e-05
1764486000,1.19989e-05
1764489600,1.25e-05
1764493200,1.25e-05
1764496800,1.25e-05
1764500400,1.25e-05
1764504000,1.25e-05
1764507600,1.25e-05
1764511200,1.25e-05
1764514800,7.3375e-06
1764518400,1.02046e-05
1764522000,1.25e-05
1764525600,1.25e-05
1764529200,1.25e-05
1764532800,1.25e-05
1764536400,1.25e-05
1764540000,1.25e-05
1764543600,1.25e-05
1764547200,1.25e-05
1764550800,-4.0007e-06
1764554400,1.03374e-05
1764558000,1.25e-05
1764561600,1.25e-05
1764565200,1.25e-05
1764568800,1.25e-05
1764572400,1.25e-05
1764576000,1.25e-05
1764579600,7.5694e-06
1764583200,6.1482e-06
1764586800,5.0851e-06
1764590400,1.6416e-06
1764594000,1.25e-05
1764597600,1.25e-05
1764601200,1.25e-05
1764604800,1.25e-05
1764608400,1.25e-05
1764612000,1.25e-05
1764615600,1.25e-05
1764619200,1.25e-05
1764622800,1.14711e-05
1764626400,1.25e-05
1764630000,1.25e-05
1764633600,1.25e-05
1764637200,1.25e-05
1764640800,1.25e-05
1764644400,1.25e-05
1764648000,1.16299e-05
1764651600,1.25e-05
1764655200,1.16757e-05
1764658800,1.25e-05
1764662400,1.25e-05
1764666000,1.13288e-05
1764669600,1.25e-05
1764673200,1.25e-05
1764676800,9.244e-06
1764680400,1.0378e-05
1764684000,1.25e-05
1764687600,-7.0457e-06
1764691200,8.0176e-06
1764694800,5.9296e-06
1764698400,8.0936e-06
1764702000,5.1018e-06
1764705600,8.4263e-06
1764709200,8.1228e-06
1764712800,1.25e-05
1764716400,1.2266e-05
1764720000,7.5185e-06
1764723600,1.25e-05
1764727200,1.25e-05
1764730800,1.25e-05
1764734400,1.25e-05
1764738000,1.12772e-05
1764741600,1.25e-05
1764745200,1.25e-05
1764748800,1.1909e-05
1764752400,1.08086e-05
1764756000,7.544e-06
1764759600,1.18267e-05
1764763200,5.5457e-06
1764766800,5.5896e-06
1764770400,9.5221e-06
1764774000,8.9504e-06
1764777600,4.8299e-06
1764781200,7.1214e-06
1764784800,1.22533e-05
1764788400,1.25e-05
1764792000,9.7056e-06
1764795600,9.1749e-06
1764799200,9.6502e-06
1764802800,1.25e-05
1764806400,1.25e-05
1764810000,1.13323e-05
1764813600,1.19679e-05
1764817200,5.6751e-06
1764820800,5.5727e-06
1764824400,7.2745e-06
1764828000,5.1929e-06
1764831600,5.9099e-06
1764835200,8.9468e-06
1764838800,9.6636e-06
1764842400,8.4718e-06
1764846000,6.7924e-06
1764849600,8.1431e-06
1764853200,5.3137e-06
1764856800,3.9549e-06
1764860400,8.3547e-06
1764864000,1.14019e-05
1764867600,7.3506e-06
1764871200,1.06921e-05
1764874800,1.05156e-05
1764878400,8.854e-06
1764882000,9.7768e-06
1764885600,9.1093e-06
1764889200,7.2352e-06
1764892800,5.9678e-06
1764896400,5.2491e-06
1764900000,5.3549e-06
1764903600,7.7071e-06
1764907200,6.1729e-06
1764910800,5.3783e-06
1764914400,5.4975e-06
1764918000,5.5871e-06
1764921600,6.6596e-06
1764925200,5.4954e-06
1764928800,7.2572e-06
1764932400,1.12828e-05
1764936000,8.201e-06
1764939600,4.6867e-06
1764943200,3.0705e-06
1764946800,1.3276e-06
1764950400,-1.13957e-05
1764954000,-1.2975e-05
1764957600,8.7179e-06
1764961200,4.0398e-06
1764964800,6.3472e-06
1764968400,-3.3557e-06
1764972000,-4.8657e-06
1764975600,-2.7309e-06
1764979200,-2.7582e-06
1764982800,3.88e-08
1764986400,2.933e-07
1764990000,-2.105e-06
1764993600,1.5801e-06
1764997200,6.496e-07
1765000800,2.1471e-06
1765004400,6.7072e-06
1765008000,5.0523e-06
1765011600,7.158e-07
1765015200,6.4138e-06
1765018800,5.6231e-06
1765022400,5.541e-06
1765026000,5.7991e-06
1765029600,4.4342e-06
1765033200,4.613e-06
1765036800,3.6433e-06
1765040400,8.3664e-06
1765044000,6.9664e-06
1765047600,1.20736e-05
1765051200,1.25e-05
1765054800,1.25e-05
1765058400,1.25e-05
1765062000,1.25e-05
1765065600,1.25e-05
1765069200,1.25e-05
1765072800,1.25e-05
1765076400,1.14593e-05
1765080000,1.08934e-05
1765083600,9.0458e-06
1765087200,6.4897e-06
1765090800,1.25e-05
1765094400,1.25e-05
1765098000,1.25e-05
1765101600,1.25e-05
1765105200,1.25e-05
1765108800,1.25e-05
1765112400,1.25e-05
1765116000,1.25e-05
1765119600,1.25e-05
1765123200,1.25e-05
1765126800,1.25e-05
1765130400,1.25e-05
1765134000,1.25e-05
1765137600,1.25e-05
1765141200,1.25e-05
1765144800,1.25e-05
1765148400,1.25e-05
1765152000,1.25e-05
1765155600,1.25e-05
1765159200,1.25e-05
1765162800,1.25e-05
1765166400,1.25e-05
1765170000,1.25e-05
1765173600,1.25e-05
1765177200,1.25e-05
1765180800,1.25e-05
1765184400,1.25e-05
1765188000,1.25e-05
1765191600,1.25e-05
1765195200,1.25e-05
1765198800,1.25e-05
1765202400,1.25e-05
1765206000,1.25e-05
1765209600,1.25e-05
1765213200,1.25e-05
1765216800,1.25e-05
1765220400,1.25e-05
1765224000,1.25e-05
1765227600,1.25e-05
1765231200,1.25e-05
1765234800,1.25e-05
1765238400,1.25e-05
1765242000,1.25e-05
1765245600,1.25e-05
1765249200,1.25e-05
1765252800,1.25e-05
1765256400,1.25e-05
1765260000,1.25e-05
1765263600,1.25e-05
1765267200,1.25e-05
1765270800,1.25e-05
1765274400,1.25e-05
1765278000,1.25e-05
1765281600,1.25e-05
1765285200,1.25e-05
1765288800,1.25e-05
1765292400,1.25e-05
1765296000,1.25e-05
1765299600,1.25e-05
1765303200,1.25e-05
1765306800,1.25e-05
1765310400,1.25e-05
1765314000,1.25e-05
1765317600,1.25e-05
1765321200,1.25e-05
1765324800,1.25e-05
1765328400,1.25e-05
1765332000,1.25e-05
1765335600,1.25e-05
1765339200,1.25e-05
1765342800,1.25e-05
1765346400,1.25e-05
1765350000,1.25e-05
1765353600,1.25e-05
1765357200,1.25e-05
1765360800,1.25e-05
1765364400,1.25e-05
1765368000,1.25e-05
1765371600,1.25e-05
1765375200,1.25e-05
1765378800,1.25e-05
1765382400,1.25e-05
1765386000,1.25e-05
1765389600,1.25e-05
1765393200,1.25e-05
1765396800,1.25e-05
1765400400,1.25e-05
1765404000,1.25e-05
1765407600,1.25e-05
1765411200,1.25e-05
1765414800,1.25e-05
1765418400,1.25e-05
1765422000,1.25e-05
1765425600,1.25e-05
1765429200,1.25e-05
1765432800,1.25e-05
1765436400,1.25e-05
1765440000,1.25e-05
1765443600,1.25e-05
1765447200,1.25e-05
1765450800,1.25e-05
1765454400,1.25e-05
1765458000,1.25e-05
1765461600,1.25e-05
1765465200,1.25e-05
1765468800,1.25e-05
1765472400,1.25e-05
1765476000,1.25e-05
1765479600,1.25e-05
1765483200,1.25e-05
1765486800,1.25e-05
1765490400,1.96316e-05
1765494000,2.01537e-05
1765497600,2.03042e-05
1765501200,1.25e-05
1765504800,1.25e-05
1765508400,1.25e-05
1765512000,1.31127e-05
1765515600,1.25e-05
1765519200,1.25e-05
1765522800,3.32811e-05
1765526400,2.20275e-05
1765530000,1.25e-05
1765533600,1.25e-05
1765537200,1.25e-05
1765540800,1.25e-05
1765544400,1.25e-05
1765548000,1.25e-05
1765551600,1.25e-05
1765555200,1.25e-05
1765558800,3.83382e-05
1765562400,1.25e-05
1765566000,1.25e-05
1765569600,1.25e-05
1765573200,1.25e-05
1765576800,1.25e-05
1765580400,1.25e-05
1765584000,1.25e-05
1765587600,1.25e-05
1765591200,1.25e-05
1765594800,1.25e-05
1765598400,1.25e-05
1765602000,1.25e-05
1765605600,1.25e-05
1765609200,1.25e-05
1765612800,1.25e-05
1765616400,1.25e-05
1765620000,1.25e-05
1765623600,1.25e-05
1765627200,1.25e-05
1765630800,1.25e-05
1765634400,1.25e-05
1765638000,1.25e-05
1765641600,1.25e-05
1765645200,1.25e-05
1765648800,1.25e-05
1765652400,1.25e-05
1765656000,1.25e-05
1765659600,1.25e-05
1765663200,1.25e-05
1765666800,1.25e-05
1765670400,1.25e-05
1765674000,1.25e-05
1765677600,1.25e-05
1765681200,1.25e-05
1765684800,1.25e-05
1765688400,1.25e-05
1765692000,1.25e-05
1765695600,1.25e-05
1765699200,1.25e-05
1765702800,1.25e-05
1765706400,1.25e-05
1765710000,1.25e-05
1765713600,1.25e-05
1765717200,1.25e-05
1765720800,1.25e-05
1765724400,1.25e-05
1765728000,1.25e-05
1765731600,1.25e-05
1765735200,1.25e-05
1765738800,1.25e-05
1765742400,1.25e-05
1765746000,1.25e-05
1765749600,1.25e-05
1765753200,1.25e-05
1765756800,1.25e-05
1765760400,1.25e-05
1765764000,1.25e-05
1765767600,1.25e-05
1765771200,1.25e-05
1765774800,1.25e-05
1765778400,1.25e-05
1765782000,1.25e-05
1765785600,1.25e-05
1765789200,1.25e-05
1765792800,1.25e-05
1765796400,1.25e-05
1765800000,1.25e-05
1765803600,1.25e-05
1765807200,1.25e-05
1765810800,1.25e-05
1765814400,1.25e-05
1765818000,1.25e-05
1765821600,1.25e-05
1765825200,1.25e-05
1765828800,1.25e-05
1765832400,1.25e-05
1765836000,1.25e-05
1765839600,1.25e-05
1765843200,1.25e-05
1765846800,1.25e-05
1765850400,1.25e-05
1765854000,1.25e-05
1765857600,1.25e-05
1765861200,1.25e-05
1765864800,1.25e-05
1765868400,1.25e-05
1765872000,1.25e-05
1765875600,1.25e-05
1765879200,1.25e-05
1765882800,1.25e-05
1765886400,1.25e-05
1765890000,1.25e-05
1765893600,1.25e-05
1765897200,1.25e-05
1765900800,1.25e-05
1765904400,9.8093e-06
1765908000,1.18246e-05
1765911600,1.25e-05
1765915200,1.25e-05
1765918800,1.25e-05
1765922400,1.25e-05
1765926000,1.25e-05
1765929600,1.25e-05
1765933200,1.25e-05
1765936800,1.25e-05
1765940400,1.25e-05
1765944000,1.25e-05
1765947600,1.25e-05
1765951200,1.25e-05
1765954800,1.25e-05
1765958400,1.25e-05
1765962000,1.25e-05
1765965600,1.25e-05
1765969200,1.25e-05
1765972800,1.25e-05
1765976400,1.25e-05
1765980000,1.25e-05
1765983600,1.25e-05
1765987200,1.25e-05
1765990800,1.25e-05
1765994400,6.0833e-06
1765998000,1.1054e-06
1766001600,1.25e-05
1766005200,1.1525e-05
1766008800,1.17259e-05
1766012400,1.25e-05
1766016000,8.2245e-06
1766019600,6.6999e-06
1766023200,1.04281e-05
1766026800,1.06216e-05
1766030400,7.0608e-06
1766034000,9.5185e-06
1766037600,1.05109e-05
1766041200,1.15598e-05
1766044800,6.1512e-06
1766048400,1.25e-05
1766052000,1.25e-05
1766055600,1.25e-05
1766059200,1.1222e-05
1766062800,1.12699e-05
1766066400,1.25e-05
1766070000,1.25e-05
1766073600,6.7187e-06
1766077200,1.03582e-05
1766080800,3.1941e-06
1766084400,3.8946e-06
1766088000,5.208e-07
1766091600,1.1058e-06
1766095200,1.11928e-05
1766098800,1.08915e-05
1766102400,1.02201e-05
1766106000,8.8289e-06
1766109600,1.07039e-05
1766113200,1.08374e-05
1766116800,1.16477e-05
1766120400,6.5585e-06
1766124000,9.8612e-06
1766127600,9.4151e-06
1766131200,8.7706e-06
1766134800,3.7168e-06
1766138400,6.0761e-06
1766142000,5.2643e-06
1766145600,1.25e-05
1766149200,1.0169e-05
1766152800,1.10938e-05
1766156400,1.25e-05
1766160000,1.23403e-05
1766163600,1.17536e-05
1766167200,1.25e-05
1766170800,1.07544e-05
1766174400,1.25e-05
1766178000,1.25e-05
1766181600,1.25e-05
1766185200,1.25e-05
1766188800,1.25e-05
1766192400,1.25e-05
1766196000,1.25e-05
1766199600,1.25e-05
1766203200,1.25e-05
1766206800,1.25e-05
1766210400,1.25e-05
1766214000,1.25e-05
1766217600,1.25e-05
1766221200,1.25e-05
1766224800,1.25e-05
1766228400,1.25e-05
1766232000,1.25e-05
1766235600,1.25e-05
1766239200,1.25e-05
1766242800,1.24448e-05
1766246400,9.4842e-06
1766250000,8.7806e-06
1766253600,8.2665e-06
1766257200,5.321e-06
1766260800,9.2978e-06
1766264400,9.2269e-06
1766268000,9.0576e-06
1766271600,1.25e-05
1766275200,1.25e-05
1766278800,1.2306e-05
1766282400,9.5755e-06
1766286000,1.18472e-05
1766289600,1.25e-05
1766293200,1.19576e-05
1766296800,1.25e-05
1766300400,1.25e-05
1766304000,1.25e-05
1766307600,1.25e-05
1766311200,1.25e-05
1766314800,1.25e-05
1766318400,1.25e-05
1766322000,1.25e-05
1766325600,1.25e-05
1766329200,1.25e-05
1766332800,1.25e-05
1766336400,1.25e-05
1766340000,1.25e-05
1766343600,1.25e-05
1766347200,1.04108e-05
1766350800,1.25e-05
1766354400,8.8585e-06
1766358000,1.25e-05
1766361600,1.25e-05
1766365200,1.25e-05
1766368800,1.25e-05
1766372400,1.25e-05
1766376000,1.25e-05
1766379600,1.25e-05
1766383200,1.25e-05
1766386800,1.25e-05
1766390400,1.25e-05
1766394000,1.25e-05
1766397600,1.25e-05
1766401200,1.25e-05
1766404800,1.25e-05
1766408400,1.22054e-05
1766412000,1.07308e-05
1766415600,7.0346e-06
1766419200,1.06036e-05
1766422800,1.22235e-05
1766426400,1.05913e-05
1766430000,8.7826e-06
1766433600,4.8849e-06
1766437200,5.7362e-06
1766440800,4.8717e-06
1766444400,7.6182e-06
1766448000,7.1277e-06
1766451600,1.13146e-05
1766455200,8.1109e-06
1766458800,3.7545e-06
1766462400,8.161e-06
1766466000,6.1136e-06
1766469600,3.3085e-06
1766473200,1.25e-05
1766476800,1.25e-05
1766480400,9.399e-06
1766484000,5.1095e-06
1766487600,3.4496e-06
1766491200,1.00609e-05
1766494800,8.5093e-06
1766498400,7.2179e-06
1766502000,1.25e-05
1766505600,1.25e-05
1766509200,1.25e-05
1766512800,9.0714e-06
1766516400,6.4576e-06
1766520000,7.8301e-06
1766523600,1.19197e-05
1766527200,8.0338e-06
1766530800,3.6036e-06
1766534400,7.7691e-06
1766538000,6.7585e-06
1766541600,9.1348e-06
1766545200,7.132e-06
1766548800,1.18228e-05
1766552400,1.25e-05
1766556000,9.3994e-06
1766559600,1.09747e-05
1766563200,1.01138e-05
1766566800,1.2121e-05
1766570400,1.25e-05
1766574000,1.25e-05
1766577600,1.25e-05
1766581200,1.25e-05
1766584800,1.25e-05
1766588400,1.25e-05
1766592000,1.25e-05
1766595600,1.25e-05
1766599200,1.25e-05
1766602800,1.25e-05
1766606400,1.25e-05
1766610000,1.25e-05
1766613600,1.25e-05
1766617200,1.25e-05
1766620800,1.25e-05
1766624400,1.25e-05
1766628000,1.25e-05
1766631600,1.25e-05
1766635200,1.25e-05
1766638800,1.25e-05
1766642400,1.25e-05
1766646000,1.25e-05
1766649600,1.25e-05
1766653200,1.25e-05
1766656800,1.25e-05
1766660400,1.25e-05
1766664000,1.25e-05
1766667600,1.25e-05
1766671200,1.25e-05
1766674800,1.25e-05
1766678400,1.25e-05
1766682000,1.23722e-05
1766685600,1.25e-05
1766689200,1.25e-05
1766692800,1.25e-05
1766696400,1.25e-05
1766700000,1.25e-05
1766703600,1.25e-05
1766707200,1.21285e-05
1766710800,1.02976e-05
1766714400,1.25e-05
1766718000,-1.322e-07
1766721600,6.768e-07
1766725200,1.0359e-05
1766728800,8.7989e-06
1766732400,1.25e-05
1766736000,1.19549e-05
1766739600,1.25e-05
1766743200,1.25e-05
1766746800,1.25e-05
1766750400,1.25e-05
1766754000,1.25e-05
1766757600,1.25e-05
1766761200,5.6473e-06
1766764800,1.25e-05
1766768400,1.25e-05
1766772000,1.04719e-05
1766775600,1.1821e-06
1766779200,8.2975e-06
1766782800,7.0027e-06
1766786400,5.4674e-06
1766790000,6.2412e-06
1766793600,2.0715e-06
1766797200,4.9223e-06
1766800800,8.4233e-06
1766804400,1.10543e-05
1766808000,1.02784e-05
1766811600,7.1305e-06
1766815200,6.3284e-06
1766818800,3.7005e-06
1766822400,7.8202e-06
1766826000,-2.9701e-06
1766829600,4.1481e-06
1766833200,-4.2725e-06
1766836800,4.6955e-06
1766840400,8.1814e-06
1766844000,2.3376e-06
1766847600,1.47e-06
1766851200,2.7091e-06
1766854800,2.8159e-06
1766858400,6.1182e-06
1766862000,2.9356e-06
1766865600,-3.843e-06
1766869200,-2.9142e-06
1766872800,-4.0664e-06
1766876400,-1.20663e-05
1766880000,-9.7172e-06
1766883600,-1.17872e-05
1766887200,-7.5518e-06
1766890800,-8.989e-07
1766894400,-3.6471e-06
1766898000,-1.1357e-05
1766901600,3.562e-07
1766905200,1.5348e-06
1766908800,-2.6964e-06
1766912400,-7.283e-07
1766916000,-4.5706e-06
1766919600,-1.6289e-06
1766923200,-5.965e-07
1766926800,5.356e-07
1766930400,-6.412e-07
1766934000,-4.0139e-06
1766937600,-4.7596e-06
1766941200,-1.9976e-06
1766944800,7.1548e-06
1766948400,5.9739e-06
1766952000,9.9757e-06
1766955600,2.383e-06
1766959200,4.6381e-06
1766962800,7.1611e-06
1766966400,6.3292e-06
1766970000,4.6012e-06
1766973600,1.768e-06
1766977200,8.9748e-06
1766980800,1.21857e-05
1766984400,1.25e-05
1766988000,1.25e-05
1766991600,1.25e-05
1766995200,1.12945e-05
1766998800,1.25e-05
1767002400,1.25e-05
1767006000,1.25e-05
1767009600,1.25e-05
1767013200,-7.0401e-06
1767016800,-5.1856e-06
1767020400,3.8612e-06
1767024000,1.25e-05
1767027600,1.25e-05
1767031200,1.25e-05
1767034800,9.2876e-06
1767038400,9.1363e-06
1767042000,1.18352e-05
1767045600,1.25e-05
1767049200,1.25e-05
1767052800,4.4059e-06
1767056400,-1.9853e-06
1767060000,-3.3183e-06
1767063600,1.8585e-06
1767067200,1.25e-05
1767070800,1.25e-05
1767074400,1.25e-05
1767078000,1.25e-05
1767081600,1.25e-05
1767085200,1.25e-05
1767088800,1.25e-05
1767092400,1.25e-05
1767096000,1.25e-05
1767099600,1.25e-05
1767103200,1.25e-05
1767106800,1.25e-05
1767110400,1.25e-05
1767114000,1.25e-05
1767117600,1.25e-05
1767121200,1.25e-05
1767124800,1.25e-05
1767128400,1.25e-05
1767132000,1.25e-05
1767135600,1.25e-05
1767139200,1.25e-05
1767142800,1.25e-05
1767146400,1.25e-05
1767150000,1.25e-05
1767153600,1.25e-05
1767157200,1.25e-05
1767160800,1.25e-05
1767164400,1.25e-05
1767168000,1.25e-05
1767171600,1.25e-05
1767175200,1.25e-05
1767178800,1.25e-05
1767182400,1.25e-05
1767186000,1.25e-05
1767189600,1.25e-05
1767193200,1.25e-05
1767196800,1.25e-05
1767200400,1.25e-05
1767204000,1.25e-05
1767207600,1.25e-05
1767211200,1.25e-05
1767214800,1.25e-05
1767218400,1.25e-05
1767222000,1.25e-05
1767225600,1.25e-05
1767229200,1.25e-05
1767232800,1.25e-05
1767236400,1.25e-05
1767240000,1.25e-05
1767243600,1.25e-05
1767247200,1.25e-05
1767250800,1.25e-05
1767254400,1.25e-05
1767258000,1.25e-05
1767261600,1.25e-05
1767265200,1.25e-05
1767268800,1.25e-05
1767272400,1.25e-05
1767276000,1.25e-05
1767279600,1.25e-05
1767283200,1.25e-05
1767286800,1.25e-05
1767290400,1.25e-05
1767294000,1.25e-05
1767297600,1.25e-05
1767301200,1.25e-05
1767304800,1.25e-05
1767308400,1.25e-05
1767312000,1.25e-05
1767315600,1.25e-05
1767319200,1.25e-05
1767322800,1.25e-05
1767326400,1.25e-05
1767330000,1.25e-05
1767333600,6.947e-06
1767337200,1.25e-05
1767340800,1.25e-05
1767344400,1.25e-05
1767348000,1.25e-05
1767351600,-9.771e-07
1767355200,1.25e-05
1767358800,1.25e-05
1767362400,1.25e-05
1767366000,1.25e-05
1767369600,5.9262e-06
1767373200,4.9339e-06
1767376800,-2.2811e-06
1767380400,-1.0666e-06
1767384000,2.3634e-06
1767387600,-1.66e-06
1767391200,-1.5107e-06
1767394800,3.5529e-06
1767398400,2.13e-08
1767402000,-2.5299e-06
1767405600,-2.0665e-06
1767409200,-2.1934e-06
1767412800,-4.172e-07
1767416400,2.1988e-06
1767420000,2.7203e-06
1767423600,3.655e-06
1767427200,1.25e-05
1767430800,1.25e-05
1767434400,1.25e-05
1767438000,1.25e-05
1767441600,1.25e-05
1767445200,1.25e-05
1767448800,1.25e-05
1767452400,1.25e-05
1767456000,1.25e-05
1767459600,1.25e-05
1767463200,1.25e-05
1767466800,1.25e-05
1767470400,1.25e-05
1767474000,1.25e-05
1767477600,1.25e-05
1767481200,1.25e-05
1767484800,1.25e-05
1767488400,1.25e-05
1767492000,1.25e-05
1767495600,1.25e-05
1767499200,1.25e-05
1767502800,1.25e-05
1767506400,1.25e-05
1767510000,1.25e-05
1767513600,1.25e-05
1767517200,1.25e-05
1767520800,1.25e-05
1767524400,1.17942e-05
1767528000,3.6128e-06
1767531600,3.859e-06
1767535200,1.701e-07
1767538800,5.148e-07
1767542400,-1.6489e-06
1767546000,6.3463e-06
1767549600,1.10286e-05
1767553200,6.9689e-06
1767556800,1.25e-05
1767560400,1.25e-05
1767564000,1.9918e-06
1767567600,5.819e-06
1767571200,1.8696e-06
1767574800,6.5536e-06
1767578400,5.137e-06
1767582000,5.2491e-06
1767585600,4.4863e-06
1767589200,3.0338e-06
1767592800,3.861e-06
1767596400,3.0747e-06
1767600000,5.8839e-06
1767603600,4.8512e-06
1767607200,1.25e-05
1767610800,1.09347e-05
1767614400,4.1922e-06
1767618000,3.6674e-06
1767621600,3.0047e-06
1767625200,3.6657e-06
1767628800,1.25e-05
1767632400,1.15706e-05
1767636000,9.2009e-06
1767639600,7.5027e-06
1767643200,6.3468e-06
1767646800,6.5598e-06
1767650400,2.937e-07
1767654000,3.9065e-06
1767657600,3.7105e-06
1767661200,5.2539e-06
1767664800,8.6482e-06
1767668400,3.7791e-06
1767672000,8.295e-06
1767675600,8.8922e-06
1767679200,1.25e-05
1767682800,1.25e-05
1767686400,1.9105e-06
1767690000,1.09874e-05
1767693600,7.9e-06
1767697200,9.376e-06
1767700800,1.25e-05
1767704400,1.25e-05
1767708000,1.25e-05
1767711600,1.25e-05
1767715200,1.25e-05
1767718800,1.25e-05
1767722400,1.25e-05
1767726000,1.25e-05
1767729600,1.25e-05
1767733200,1.25e-05
1767736800,1.25e-05
1767740400,1.25e-05
1767744000,1.25e-05
1767747600,1.25e-05
1767751200,1.25e-05
1767754800,1.25e-05
1767758400,1.25e-05
1767762000,1.25e-05
1767765600,1.25e-05
1767769200,1.25e-05
1767772800,1.25e-05
1767776400,1.25e-05
1767780000,1.25e-05
1767783600,1.25e-05
1767787200,1.25e-05
1767790800,1.25e-05
1767794400,1.25e-05
1767798000,1.25e-05
1767801600,1.25e-05
1767805200,1.25e-05
1767808800,1.25e-05
1767812400,1.25e-05
1767816000,1.25e-05
1767819600,1.25e-05
1767823200,1.25e-05
1767826800,1.25e-05
1767830400,1.25e-05
1767834000,1.25e-05
1767837600,1.25e-05
1767841200,1.25e-05
1767844800,1.25e-05
1767848400,1.25e-05
1767852000,1.25e-05
1767855600,1.25e-05
1767859200,1.25e-05
1767862800,1.25e-05
1767866400,1.25e-05
1767870000,1.25e-05
1767873600,1.25e-05
1767877200,1.20611e-05
1767880800,1.25e-05
1767884400,1.25e-05
1767888000,1.25e-05
1767891600,1.25e-05
1767895200,1.25e-05
1767898800,1.25e-05
1767902400,1.25e-05
1767906000,1.25e-05
1767909600,1.25e-05
1767913200,1.25e-05
1767916800,1.25e-05
1767920400,1.25e-05
1767924000,1.25e-05
1767927600,1.25e-05
1767931200,1.25e-05
1767934800,1.25e-05
1767938400,1.25e-05
1767942000,1.25e-05
1767945600,1.25e-05
1767949200,1.25e-05
1767952800,1.25e-05
1767956400,1.25e-05
1767960000,1.25e-05
1767963600,1.25e-05
1767967200,1.25e-05
1767970800,1.25e-05
1767974400,1.25e-05
1767978000,1.25e-05
1767981600,1.25e-05
1767985200,1.25e-05
1767988800,1.25e-05
1767992400,1.25e-05
1767996000,1.25e-05
1767999600,1.25e-05
1768003200,1.25e-05
1768006800,1.25e-05
1768010400,1.25e-05
1768014000,1.25e-05
1768017600,1.25e-05
1768021200,1.25e-05
1768024800,1.25e-05
1768028400,1.25e-05
1768032000,1.25e-05
1768035600,1.25e-05
1768039200,1.25e-05
1768042800,1.25e-05
1768046400,1.25e-05
1768050000,1.25e-05
1768053600,1.25e-05
1768057200,1.25e-05
1768060800,1.25e-05
1768064400,1.25e-05
1768068000,1.25e-05
1768071600,1.25e-05
1768075200,1.25e-05
1768078800,1.25e-05
1768082400,1.25e-05
1768086000,1.25e-05
1768089600,1.25e-05
1768093200,1.25e-05
1768096800,1.25e-05
1768100400,1.25e-05
1768104000,1.25e-05
1768107600,1.25e-05
1768111200,1.25e-05
1768114800,1.25e-05
1768118400,1.25e-05
1768122000,1.25e-05
1768125600,1.25e-05
1768129200,9.4574e-06
1768132800,1.25e-05
1768136400,1.25e-05
1768140000,1.25e-05
1768143600,1.25e-05
1768147200,1.20436e-05
1768150800,1.01377e-05
1768154400,6.7045e-06
1768158000,8.739e-06
1768161600,1.07629e-05
1768165200,1.19113e-05
1768168800,1.25e-05
1768172400,1.25e-05
1768176000,1.25e-05
1768179600,1.25e-05
1768183200,1.25e-05
1768186800,1.25e-05
1768190400,1.25e-05
1768194000,1.25e-05
1768197600,1.25e-05
1768201200,1.25e-05
1768204800,1.25e-05
1768208400,1.25e-05
1768212000,1.25e-05
1768215600,1.25e-05
1768219200,1.25e-05
1768222800,1.25e-05
1768226400,1.25e-05
1768230000,1.25e-05
1768233600,1.25e-05
1768237200,1.25e-05
1768240800,1.25e-05
1768244400,1.25e-05
1768248000,1.13971e-05
1768251600,8.0109e-06
1768255200,5.8892e-06
1768258800,7.139e-06
1768262400,5.6031e-06
1768266000,9.9782e-06
1768269600,5.3958e-06
1768273200,8.1192e-06
1768276800,1.25e-05
1768280400,1.25e-05
1768284000,1.25e-05
1768287600,1.25e-05
1768291200,1.25e-05
1768294800,1.25e-05
1768298400,1.25e-05
1768302000,1.25e-05
1768305600,1.25e-05
1768309200,1.25e-05
1768312800,1.25e-05
1768316400,1.25e-05
1768320000,1.25e-05
1768323600,1.25e-05
1768327200,1.25e-05
1768330800,1.25e-05
1768334400,1.25e-05
1768338000,1.25e-05
1768341600,1.25e-05
1768345200,1.25e-05
1768348800,1.25e-05
1768352400,1.25e-05
1768356000,1.25e-05
1768359600,1.25e-05
1768363200,1.25e-05
1768366800,1.25e-05
1768370400,1.25e-05
1768374000,1.25e-05
1768377600,1.25e-05
1768381200,6.6036e-06
1768384800,1.25e-05
1768388400,1.25e-05
1768392000,1.24373e-05
1768395600,1.25e-05
1768399200,1.25e-05
1768402800,1.25e-05
1768406400,1.25e-05
1768410000,1.25e-05
1768413600,1.25e-05
1768417200,1.25e-05
1768420800,1.25e-05
1768424400,1.25e-05
1768428000,1.25e-05
1768431600,1.25e-05
1768435200,1.25e-05
1768438800,1.25e-05
1768442400,1.25e-05
1768446000,1.25e-05
1768449600,1.25e-05
1768453200,1.25e-05
1768456800,1.25e-05
1768460400,1.25e-05
1768464000,1.25e-05
1768467600,1.25e-05
1768471200,1.25e-05
1768474800,1.25e-05
1768478400,1.25e-05
1768482000,1.25e-05
1768485600,1.25e-05
1768489200,1.25e-05
1768492800,1.25e-05
1768496400,1.25e-05
1768500000,1.25e-05
1768503600,1.25e-05
1768507200,1.25e-05
1768510800,1.25e-05
1768514400,1.25e-05
1768518000,1.25e-05
1768521600,1.25e-05
1768525200,1.25e-05
1768528800,1.25e-05
1768532400,1.25e-05
1768536000,1.25e-05
1768539600,1.25e-05
1768543200,1.25e-05
1768546800,1.25e-05
1768550400,1.25e-05
1768554000,1.25e-05
1768557600,1.25e-05
1768561200,1.25e-05
1768564800,1.25e-05
1768568400,1.25e-05
1768572000,1.25e-05
1768575600,1.25e-05
1768579200,1.25e-05
1768582800,1.25e-05
1768586400,1.25e-05
1768590000,1.25e-05
1768593600,1.25e-05
1768597200,1.25e-05
1768600800,1.25e-05
1768604400,1.25e-05
1768608000,1.25e-05
1768611600,1.25e-05
1768615200,1.25e-05
1768618800,1.25e-05
1768622400,1.25e-05
1768626000,1.25e-05
1768629600,1.25e-05
1768633200,1.25e-05
1768636800,1.25e-05
1768640400,1.25e-05
1768644000,1.25e-05
1768647600,1.25e-05
1768651200,1.25e-05
1768654800,1.25e-05
1768658400,1.25e-05
1768662000,1.25e-05
1768665600,1.25e-05
1768669200,1.25e-05
1768672800,1.25e-05
1768676400,1.25e-05
1768680000,1.25e-05
1768683600,1.25e-05
1768687200,1.25e-05
1768690800,1.25e-05
1768694400,1.25e-05
1768698000,1.25e-05
1768701600,1.25e-05
1768705200,1.25e-05
1768708800,1.25e-05
1768712400,1.25e-05
1768716000,1.25e-05
1768719600,1.25e-05
1768723200,1.25e-05
1768726800,1.25e-05
1768730400,1.25e-05
1768734000,1.25e-05
1768737600,1.25e-05
1768741200,1.25e-05
1768744800,1.25e-05
1768748400,1.25e-05
1768752000,1.25e-05
1768755600,1.25e-05
1768759200,1.25e-05
1768762800,1.25e-05
1768766400,1.25e-05
1768770000,1.25e-05
1768773600,1.25e-05
1768777200,1.25e-05
1768780800,1.25e-05
1768784400,5.2012e-06
1768788000,1.25e-05
1768791600,1.25e-05
1768795200,1.25e-05
1768798800,1.25e-05
1768802400,6.3353e-06
1768806000,6.135e-06
1768809600,1.25e-05
1768813200,1.25e-05
1768816800,1.25e-05
1768820400,1.25e-05
1768824000,1.25e-05
1768827600,1.25e-05
1768831200,1.25e-05
1768834800,1.25e-05
1768838400,1.25e-05
1768842000,1.25e-05
1768845600,1.25e-05
1768849200,1.25e-05
1768852800,1.25e-05
1768856400,1.25e-05
1768860000,1.25e-05
1768863600,1.25e-05
1768867200,-5.8556e-06
1768870800,1.2304e-05
1768874400,1.25e-05
1768878000,1.25e-05
1768881600,9.2418e-06
1768885200,1.25e-05
1768888800,2.2444e-06
1768892400,-9.9989e-06
1768896000,-4.085e-07
1768899600,1.3984e-06
1768903200,-3.1988e-06
1768906800,3.43e-06
1768910400,9.2448e-06
1768914000,8.7354e-06
1768917600,2.7643e-06
1768921200,3.5727e-06
1768924800,-8.337e-07
1768928400,9.9901e-06
1768932000,1.25e-05
1768935600,1.25e-05
1768939200,1.25e-05
1768942800,1.25e-05
1768946400,1.25e-05
1768950000,1.25e-05
1768953600,1.25e-05
1768957200,1.25e-05
1768960800,1.25e-05
1768964400,1.25e-05
1768968000,1.25e-05
1768971600,1.25e-05
1768975200,1.25e-05
1768978800,1.25e-05
1768982400,1.25e-05
1768986000,1.25e-05
1768989600,1.10604e-05
1768993200,8.1101e-06
1768996800,6.9132e-06
1769000400,-8.6071e-06
1769004000,1.25e-05
1769007600,1.25e-05
1769011200,2.7621e-06
1769014800,-4.7258e-06
1769018400,-4.4131e-06
1769022000,3.2413e-06
1769025600,1.25e-05
1769029200,1.25e-05
1769032800,1.25e-05
1769036400,1.25e-05
1769040000,1.25e-05
1769043600,1.25e-05
1769047200,1.25e-05
1769050800,1.25e-05
1769054400,1.25e-05
1769058000,1.25e-05
1769061600,1.25e-05
1769065200,1.25e-05
1769068800,1.25e-05
1769072400,1.25e-05
1769076000,1.25e-05
1769079600,1.25e-05
1769083200,1.25e-05
1769086800,1.25e-05
1769090400,1.25e-05
1769094000,1.25e-05
1769097600,-1.14742e-05
1769101200,1.25e-05
1769104800,1.25e-05
1769108400,1.25e-05
1769112000,1.25e-05
1769115600,1.25e-05
1769119200,1.25e-05
1769122800,1.25e-05
1769126400,1.25e-05
1769130000,5.7268e-06
1769133600,1.25e-05
1769137200,1.25e-05
1769140800,1.25e-05
1769144400,1.25e-05
1769148000,1.25e-05
1769151600,-1.35711e-05
1769155200,-4.61935e-05
1769158800,-2.76924e-05
1769162400,-1.6308e-05
1769166000,-1.30899e-05
1769169600,3.898e-06
1769173200,2.5793e-06
1769176800,3.7529e-06
1769180400,-3.6104e-06
1769184000,-7.08e-07
1769187600,-5.261e-06
1769191200,8.2593e-06
1769194800,8.07e-06
1769198400,2.6885e-06
1769202000,-5.7029e-06
1769205600,6.118e-07
1769209200,-7.945e-07
1769212800,-1.11174e-05
1769216400,-9.6309e-06
1769220000,-1.42537e-05
1769223600,-6.7724e-06
1769227200,-2.4083e-06
1769230800,-1.58463e-05
1769234400,-1.00984e-05
1769238000,-1.08651e-05
1769241600,-2.097e-06
1769245200,2.9403e-06
1769248800,6.5104e-06
1769252400,5.8968e-06
1769256000,7.5584e-06
1769259600,-9.3322e-06
1769263200,-2.6068e-06
1769266800,7.418e-06
1769270400,1.9673e-06
1769274000,-1.15698e-05
1769277600,-5.9812e-06
1769281200,-5.4142e-06
1769284800,1.553e-07
1769288400,3.427e-07
1769292000,1.807e-06
1769295600,6.8233e-06
1769299200,3.9906e-06
1769302800,-7.4158e-06
1769306400,-5.7258e-06
1769310000,1.106e-06
1769313600,-6.4455e-06
1769317200,-1.2361e-06
1769320800,-9.196e-07
1769324400,-9.0964e-06
1769328000,-2.859e-07
1769331600,2.276e-06
1769335200,4.2674e-06
1769338800,6.7141e-06
1769342400,4.1885e-06
1769346000,8.3642e-06
1769349600,1.25e-05
1769353200,-1e-07
1769356800,1.08687e-05
1769360400,3.076e-07
1769364000,7.1672e-06
1769367600,-2.2454e-05
1769371200,-2.89633e-05
1769374800,-3.00131e-05
1769378400,-2.46163e-05
1769382000,-1.96801e-05
1769385600,-2.0641e-06
1769389200,3.3768e-06
1769392800,-2.7552e-06
1769396400,1.4507e-06
1769400000,8.861e-07
1769403600,9.2875e-06
1769407200,9.4308e-06
1769410800,1.10607e-05
1769414400,9.9932e-06
1769418000,1.25e-05
1769421600,1.25e-05
1769425200,1.25e-05
1769428800,6.7845e-06
1769432400,7.9158e-06
1769436000,1.00963e-05
1769439600,-6.6319e-06
1769443200,-1.164e-06
1769446800,-2.5268e-06
1769450400,-1.12924e-05
1769454000,1.285e-07
1769457600,-1.7843e-06
1769461200,-5.5486e-06
1769464800,-1.974e-07
1769468400,-5.5317e-06
1769472000,1.25e-05
1769475600,8.8172e-06
1769479200,1.15388e-05
1769482800,1.25e-05
1769486400,1.25e-05
1769490000,1.25e-05
1769493600,1.25e-05
1769497200,1.25e-05
1769500800,1.25e-05
1769504400,1.25e-05
1769508000,1.25e-05
1769511600,1.25e-05
1769515200,1.25e-05
1769518800,1.25e-05
1769522400,8.1563e-06
1769526000,1.25e-05
1769529600,1.25e-05
1769533200,1.25e-05
1769536800,1.25e-05
1769540400,1.25e-05
1769544000,1.25e-05
1769547600,1.25e-05
1769551200,1.25e-05
1769554800,1.25e-05
1769558400,1.25e-05
1769562000,1.25e-05
1769565600,1.25e-05
1769569200,1.25e-05
1769572800,1.25e-05
1769576400,1.25e-05
1769580000,1.25e-05
1769583600,1.25e-05
1769587200,1.25e-05
1769590800,1.25e-05
1769594400,1.25e-05
1769598000,1.25e-05
1769601600,1.25e-05
1769605200,1.25e-05
1769608800,1.25e-05
1769612400,1.25e-05
1769616000,9.5608e-06
1769619600,9.6661e-06
1769623200,1.25e-05
1769626800,1.25e-05
1769630400,1.25e-05
1769634000,1.25e-05
1769637600,1.25e-05
1769641200,1.25e-05
1769644800,1.25e-05
1769648400,1.25e-05
1769652000,1.25e-05
1769655600,1.25e-05
1769659200,1.25e-05
1769662800,1.25e-05
1769666400,1.25e-05
1769670000,1.25e-05
1769673600,1.23295e-05
1769677200,1.25e-05
1769680800,1.25e-05
1769684400,1.25e-05
1769688000,1.25e-05
1769691600,1.25e-05
1769695200,1.25e-05
1769698800,1.25e-05
1769702400,1.25e-05
1769706000,1.25e-05
1769709600,1.25e-05
1769713200,1.25e-05
1769716800,1.25e-05
1769720400,1.25e-05
1769724000,1.25e-05
1769727600,4.5751e-06
1769731200,6.823e-06
1769734800,4.0557e-06
1769738400,-8.9263e-06
1769742000,-8.3347e-06
1769745600,2.2384e-06
1769749200,7.7376e-06
1769752800,-1.59279e-05
1769756400,-6.2044e-06
1769760000,-3.7718e-06
1769763600,-6.8358e-06
1769767200,-5.15e-08
1769770800,3.2381e-06
1769774400,1.25e-05
1769778000,1.09696e-05
1769781600,1.25e-05
1769785200,1.25e-05
1769788800,1.25e-05
1769792400,1.25e-05
1769796000,1.17675e-05
1769799600,1.25e-05
1769803200,1.25e-05
1769806800,1.25e-05
1769810400,1.25e-05
1769814000,1.25e-05
1769817600,1.25e-05
1769821200,1.25e-05
1769824800,1.25e-05
1769828400,1.25e-05
1769832000,1.25e-05
1769835600,1.25e-05
1769839200,1.25e-05
1769842800,1.25e-05
1769846400,1.25e-05
1769850000,1.25e-05
1769853600,1.25e-05
1769857200,1.25e-05
1769860800,1.25e-05
1769864400,4.9148e-06
1769868000,-1.44066e-05
1769871600,-2.44986e-05
1769875200,1.47e-06
1769878800,-1.6582e-06
1769882400,-2.14613e-05
1769886000,-5.03129e-05
1769889600,-5.73791e-05
1769893200,-5.51677e-05
1769896800,-3.3385e-05
1769900400,-1.36923e-05
1769904000,-3.74049e-05
1769907600,-4.20873e-05
1769911200,-3.33953e-05
1769914800,-2.73882e-05
1769918400,-3.1002e-05
1769922000,-1.26729e-05
1769925600,-1.30949e-05
1769929200,-1.50635e-05
1769932800,-1.69777e-05
1769936400,-2.01291e-05
1769940000,-1.65645e-05
1769943600,-1.78536e-05
1769947200,-2.2966e-05
1769950800,-2.65233e-05
1769954400,-3.65108e-05
1769958000,-2.8176e-05
1769961600,-2.48781e-05
1769965200,-2.95617e-05
1769968800,-1.99193e-05
1769972400,-1.32509e-05
1769976000,-1.16954e-05
1769979600,-1.17432e-05
1769983200,-1.63778e-05
1769986800,-2.493e-05
1769990400,-2.58774e-05
1769994000,-1.79482e-05
1769997600,-2.13592e-05
1770001200,-2.50425e-05
1770004800,-7.28383e-05
1770008400,-3.35761e-05
1770012000,-2.37281e-05
1770015600,-2.37099e-05
1770019200,-3.05222e-05
1770022800,-2.02507e-05
1770026400,-1.2737e-05
1770030000,-9.6356e-06
1770033600,-4.6422e-06
1770037200,-8.2606e-06
1770040800,-1.11528e-05
1770044400,-1.43351e-05
1770048000,-3.26593e-05
1770051600,-4.30126e-05
1770055200,-4.47107e-05
1770058800,-3.58184e-05
1770062400,-3.86227e-05
1770066000,-3.43856e-05
1770069600,-3.05276e-05
1770073200,-3.35106e-05
1770076800,-3.22099e-05
1770080400,-2.36182e-05
1770084000,-2.15021e-05
1770087600,-2.55361e-05
1770091200,-2.21382e-05
1770094800,-1.6602e-05
1770098400,-1.5641e-05
1770102000,-5.1177e-06
1770105600,-1.0614e-06
1770109200,2.978e-07
1770112800,-4.2657e-06
1770116400,-1.76498e-05
1770120000,-1.1141e-05
1770123600,-7.9266e-06
1770127200,-8.8342e-06
1770130800,-1.14038e-05
1770134400,-1.30395e-05
1770138000,-9.1476e-06
1770141600,1.7837e-06
1770145200,-6.6061e-06
1770148800,-1.83213e-05
1770152400,-2.45462e-05
1770156000,-1.71015e-05
1770159600,-3.51955e-05
1770163200,-1.57437e-05
1770166800,-7.18e-06
1770170400,1.25e-05
1770174000,4.654e-06
1770177600,1.25e-05
1770181200,1.12732e-05
1770184800,9.5414e-06
1770188400,1.25e-05
1770192000,1.25e-05
1770195600,1.25e-05
1770199200,1.25e-05
1770202800,1.25e-05
1770206400,1.25e-05
1770210000,1.25e-05
1770213600,1.25e-05
1770217200,1.25e-05
1770220800,9.9385e-06
1770224400,1.25e-05
1770228000,1.25e-05
1770231600,1.25e-05
1770235200,1.25e-05
1770238800,1.25e-05
1770242400,1.25e-05
1770246000,1.25e-05
1770249600,1.25e-05
1770253200,1.25e-05
1770256800,1.25e-05
1770260400,1.25e-05
1770264000,1.25e-05
1770267600,1.25e-05
1770271200,1.25e-05
1770274800,1.25e-05
1770278400,1.25e-05
1770282000,1.25e-05
1770285600,1.25e-05
1770289200,1.25e-05
1770292800,1.25e-05
1770296400,1.25e-05
1770300000,1.25e-05
1770303600,1.25e-05
1770307200,2.4335e-06
1770310800,4.4528e-06
1770314400,2.9418e-06
1770318000,-1.1621e-06
1770321600,-6.9746e-06
1770325200,-2.20795e-05
1770328800,-3.0553e-06
1770332400,-2.1627e-06
1770336000,-5.6588e-06
1770339600,-3.88789e-05
1770343200,1.25e-05
1770346800,5.0258e-06
1770350400,7.7775e-06
1770354000,1.1125e-06
1770357600,2.9696e-06
1770361200,3.4268e-06
1770364800,-8.47e-07
1770368400,3.969e-06
1770372000,1.25e-05
1770375600,1.25e-05
1770379200,1.25e-05
1770382800,1.09259e-05
1770386400,1.25e-05
1770390000,-1.29532e-05
1770393600,-2.35051e-05
1770397200,-1.65814e-05
1770400800,-3.4052e-06
1770404400,-2.505e-07
1770408000,-5.699e-07
1770411600,-2.05978e-05
1770415200,-2.20706e-05
1770418800,-9.9833e-06
1770422400,-9.5407e-06
1770426000,-2.12701e-05
1770429600,-1.722e-05
1770433200,-2.41948e-05
1770436800,-2.09001e-05
1770440400,-1.048e-07
1770444000,2.9113e-06
1770447600,5.434e-06
1770451200,6.124e-06
1770454800,6.764e-06
1770458400,1.6119e-06
1770462000,8.93e-08
1770465600,3.9911e-06
1770469200,4.9496e-06
1770472800,5.097e-07
1770476400,-5.048e-06
1770480000,-5.986e-07
1770483600,-5.5553e-06
1770487200,-2.6452e-06
1770490800,7.148e-07
1770494400,-4.0898e-06
1770498000,2.3783e-06
1770501600,4.63e-06
1770505200,-4.068e-07
1770508800,-8.1946e-06
1770512400,-8.657e-06
1770516000,-1.1333e-05
1770519600,-7.5319e-06
1770523200,-1.41679e-05
1770526800,-6.4338e-06
1770530400,-8.4099e-06
1770534000,-1.909e-06
1770537600,4.734e-07
1770541200,7.8369e-06
1770544800,-7.7198e-06
1770548400,-1.5215e-05
1770552000,-6.4936e-06
1770555600,2.046e-06
1770559200,5.53e-07
1770562800,4.1444e-06
1770566400,2.687e-07
1770570000,2.4224e-06
1770573600,-3.7814e-06
1770577200,1.0347e-06
1770580800,1.7295e-06
1770584400,1.218e-07
1770588000,-9.7844e-06
1770591600,-5.2018e-06
1770595200,-9.33e-07
1770598800,-1.3349e-06
1770602400,-5.625e-06
1770606000,1.504e-07
1770609600,-1.49962e-05
1770613200,-1.27434e-05
1770616800,6.1957e-06
1770620400,5.2297e-06
1770624000,8.4401e-06
1770627600,1.22192e-05
1770631200,1.25e-05
1770634800,1.6024e-06
1770638400,-4.8774e-06
1770642000,-8.7638e-06
1770645600,4.921e-07
1770649200,-9.0902e-06
1770652800,1.00601e-05
1770656400,9.0036e-06
1770660000,1.25e-05
1770663600,1.25e-05
1770667200,1.25e-05
1770670800,1.25e-05
1770674400,1.25e-05
1770678000,1.25e-05
1770681600,1.25e-05
1770685200,1.03924e-05
1770688800,1.25e-05
1770692400,1.25e-05
1770696000,1.25e-05
1770699600,1.25e-05
1770703200,1.25e-05
1770706800,1.25e-05
1770710400,1.25e-05
1770714000,1.25e-05
1770717600,1.25e-05
1770721200,1.25e-05
1770724800,1.25e-05
1770728400,7.7219e-06
1770732000,8.0553e-06
1770735600,9.9278e-06
1770739200,1.25e-05
1770742800,1.25e-05
1770746400,1.25e-05
1770750000,1.25e-05
1770753600,1.25e-05
1770757200,1.25e-05
1770760800,1.04739e-05
1770764400,1.25e-05
1770768000,1.12376e-05
1770771600,1.25e-05
1770775200,4.9328e-06
1770778800,1.1338e-05
1770782400,1.07099e-05
1770786000,9.8239e-06
1770789600,7.8628e-06
1770793200,-5.5083e-06
1770796800,2.8205e-06
1770800400,-2.2151e-06
1770804000,5.618e-07
1770807600,-3.76e-07
1770811200,7.1078e-06
1770814800,7.294e-07
1770818400,-4.1841e-06
1770822000,4.3087e-06
1770825600,3.918e-07
1770829200,-2.481e-07
1770832800,4.6748e-06
1770836400,4.1984e-06
1770840000,3.8895e-06
1770843600,9.232e-07
1770847200,5.202e-06
1770850800,-7.3074e-06
1770854400,-1.23027e-05
1770858000,-3.0489e-06
1770861600,-1.3e-06
1770865200,-9.5569e-06
1770868800,5.8759e-06
1770872400,1.25e-05
1770876000,1.25e-05
1770879600,1.25e-05
1770883200,1.25e-05
1770886800,9.7073e-06
1770890400,1.25e-05
1770894000,1.25e-05
1770897600,1.25e-05
1770901200,1.25e-05
1770904800,1.25e-05
1770908400,1.25e-05
1770912000,4.1949e-06
1770915600,-1.3446e-06
1770919200,1.739e-07
1770922800,4.7707e-06
1770926400,6.7477e-06
1770930000,1.12094e-05
1770933600,4.1523e-06
1770937200,8.6397e-06
1770940800,1.25e-05
1770944400,9.7448e-06
1770948000,1.17752e-05
1770951600,1.01362e-05
1770955200,9.6139e-06
1770958800,2.3089e-06
1770962400,7.179e-07
1770966000,-9.834e-07
1770969600,1.4084e-06
1770973200,1.25e-05
1770976800,1.25e-05
1770980400,1.25e-05
1770984000,8.7955e-06
1770987600,1.25e-05
1770991200,1.19137e-05
1770994800,1.25e-05
1770998400,1.25e-05
1771002000,1.21861e-05
1771005600,-1.0201e-06
1771009200,6.3569e-06
1771012800,4.339e-07
1771016400,4.8126e-06
1771020000,1.07934e-05
1771023600,1.10707e-05
1771027200,7.963e-06
1771030800,1.01522e-05
1771034400,6.0979e-06
1771038000,6.5473e-06
1771041600,1.11074e-05
1771045200,8.0993e-06
1771048800,7.8564e-06
1771052400,7.5127e-06
1771056000,1.25e-05
1771059600,1.1555e-05
1771063200,1.25e-05
1771066800,7.9924e-06
1771070400,-1.436e-06
1771074000,-2.7033e-06
1771077600,7.708e-07
1771081200,9.8276e-06
1771084800,1.25e-05
1771088400,7.5753e-06
1771092000,6.5528e-06
1771095600,-2.7225e-06
1771099200,9.052e-07
1771102800,5.2683e-06
1771106400,4.4183e-06
1771110000,3.0757e-06
1771113600,3.3752e-06
1771117200,3.7516e-06
1771120800,-3.4221e-06
1771124400,-2.2381e-06
1771128000,9.7043e-06
1771131600,1.25e-05
1771135200,6.1971e-06
1771138800,-3.9401e-06
1771142400,2.2689e-06
1771146000,-3.2083e-06
1771149600,-7.2132e-06
1771153200,-1.21929e-05
1771156800,-1.72129e-05
1771160400,-1.3285e-05
1771164000,-1.28156e-05
1771167600,-6.8415e-06
1771171200,-9.5289e-06
1771174800,1.25e-05
1771178400,1.25e-05
1771182000,7.4949e-06
1771185600,5.5393e-06
1771189200,3.6074e-06
1771192800,4.5052e-06
1771196400,1.10964e-05
1771200000,1.25e-05
1771203600,1.25e-05
1771207200,-2.2692e-06
1771210800,8.6493e-06
1771214400,5.3455e-06
1771218000,9.0613e-06
1771221600,8.1574e-06
1771225200,7.2824e-06
1771228800,8.1164e-06
1771232400,2.9677e-06
1771236000,1.08091e-05
1771239600,1.25e-05
1771243200,7.881e-06
1771246800,5.9665e-06
1771250400,6.5208e-06
1771254000,-1.9301e-06
1771257600,1.945e-07
1771261200,1.01562e-05
1771264800,2.123e-07
1771268400,1.3467e-06
1771272000,2.7181e-06
1771275600,5.5729e-06
1771279200,3.307e-06
1771282800,1.25e-05
1771286400,1.25e-05
1771290000,1.25e-05
1771293600,1.07343e-05
1771297200,5.4246e-06
1771300800,4.7078e-06
1771304400,1.25e-05
1771308000,1.07755e-05
1771311600,1.25e-05
1771315200,1.25e-05
1771318800,6.397e-06
1771322400,4.3336e-06
1771326000,-1.0824e-06
1771329600,-6.4731e-06
1771333200,2.419e-07
1771336800,1.25e-05
1771340400,1.25e-05
1771344000,1.25e-05
1771347600,1.25e-05
1771351200,1.25e-05
1771354800,1.25e-05
1771358400,1.1998e-05
1771362000,1.25e-05
1771365600,9.3939e-06
1771369200,1.22906e-05
1771372800,6.618e-06
1771376400,8.2482e-06
1771380000,6.1776e-06
1771383600,1.25e-05
1771387200,1.25e-05
1771390800,1.15923e-05
1771394400,1.25e-05
1771398000,1.25e-05
1771401600,1.25e-05
1771405200,1.25e-05
1771408800,6.8297e-06
1771412400,2.0726e-06
1771416000,1.8275e-06
1771419600,1.15183e-05
1771423200,1.04072e-05
1771426800,9.8058e-06
1771430400,8.9815e-06
1771434000,9.9775e-06
1771437600,5.4218e-06
1771441200,9.8345e-06
1771444800,9.7674e-06
1771448400,3.5628e-06
1771452000,3.4073e-06
1771455600,1.88e-08
1771459200,-1.6183e-06
1771462800,4.6019e-06
1771466400,9.604e-07
1771470000,3.8938e-06
1771473600,1.6071e-06
1771477200,9.7789e-06
1771480800,4.3665e-06
1771484400,1.16264e-05
1771488000,1.25e-05
1771491600,1.06851e-05
1771495200,1.21767e-05
1771498800,1.23379e-05
1771502400,1.25e-05
1771506000,9.1729e-06
1771509600,5.9944e-06
1771513200,8.1297e-06
1771516800,4.026e-06
1771520400,-1.3654e-06
1771524000,5.1867e-06
1771527600,6.8812e-06
1771531200,8.5369e-06
1771534800,1.05851e-05
1771538400,1.25e-05
1771542000,1.25e-05
1771545600,1.25e-05
1771549200,1.25e-05
1771552800,1.25e-05
1771556400,1.25e-05
1771560000,1.25e-05
1771563600,1.19421e-05
1771567200,1.25e-05
1771570800,1.23763e-05
1771574400,1.25e-05
1771578000,1.00246e-05
1771581600,1.25e-05
1771585200,3.2011e-06
1771588800,-2.9489e-06
1771592400,-2.3103e-06
1771596000,8.171e-07
1771599600,8.2709e-06
1771603200,-2.4245e-06
1771606800,1.0333e-06
1771610400,8.0389e-06
1771614000,6.0216e-06
1771617600,4.73e-07
1771621200,-1.3365e-06
1771624800,-2.0519e-06
1771628400,5.1134e-06
1771632000,1.0364e-05
1771635600,8.5283e-06
1771639200,7.6465e-06
1771642800,1.25e-05
1771646400,7.1357e-06
1771650000,9.4938e-06
1771653600,7.9554e-06
1771657200,9.0487e-06
1771660800,8.0547e-06
1771664400,6.149e-06
1771668000,9.3557e-06
1771671600,1.25e-05
1771675200,1.25e-05
1771678800,4.3887e-06
1771682400,4.8223e-06
1771686000,7.439e-06
1771689600,1.0774e-05
1771693200,6.5207e-06
1771696800,5.0189e-06
1771700400,1.07498e-05
1771704000,8.2392e-06
1771707600,7.7562e-06
1771711200,1.05464e-05
1771714800,2.366e-06
1771718400,2.0779e-06
1771722000,1.1336e-06
1771725600,8.6766e-06
1771729200,1.03217e-05
1771732800,5.8147e-06
1771736400,7.6013e-06
1771740000,1.25e-05
1771743600,1.25e-05
1771747200,1.25e-05
1771750800,6.3161e-06
1771754400,1.20694e-05
1771758000,1.25e-05
1771761600,1.25e-05
1771765200,7.546e-06
1771768800,8.2109e-06
1771772400,1.24543e-05
1771776000,1.25e-05
1771779600,9.7836e-06
1771783200,7.2083e-06
1771786800,9.6639e-06
1771790400,6.9688e-06
1771794000,3.5499e-06
1771797600,8.8514e-06
1771801200,2.4491e-06
1771804800,4.2196e-06
1771808400,-1.652e-07
1771812000,-1.3753e-05
1771815600,-2.29357e-05
1771819200,-3.22628e-05
1771822800,-3.43904e-05
1771826400,-2.26533e-05
1771830000,-2.28585e-05
1771833600,-4.0339e-06
1771837200,-2.5346e-06
1771840800,-1.9437e-06
1771844400,9.6221e-06
1771848000,1.25e-05
1771851600,1.25e-05
1771855200,1.25e-05
1771858800,1.25e-05
1771862400,1.25e-05
1771866000,1.25e-05
1771869600,1.25e-05
1771873200,1.25e-05
1771876800,1.25e-05
1771880400,1.25e-05
1771884000,1.25e-05
1771887600,1.25e-05
1771891200,1.25e-05
1771894800,1.25e-05
1771898400,1.25e-05
1771902000,5.0984e-06
1771905600,6.8398e-06
1771909200,1.20495e-05
1771912800,1.25e-05
1771916400,1.25e-05
1771920000,4.4465e-06
1771923600,1.25e-05
1771927200,1.25e-05
1771930800,6.311e-06
1771934400,4.8763e-06
1771938000,1.25e-05
1771941600,7.5876e-06
1771945200,1.25e-05
1771948800,8.7521e-06
1771952400,1.23334e-05
1771956000,4.8324e-06
1771959600,6.2072e-06
1771963200,3.628e-07
1771966800,6.0683e-06
1771970400,3.8256e-06
1771974000,4.8082e-06
1771977600,4.85e-07
1771981200,3.1767e-06
1771984800,1.25e-05
1771988400,1.17535e-05
1771992000,8.4229e-06
1771995600,7.9851e-06
1771999200,-2.779e-07
1772002800,6.3244e-06
1772006400,5.4241e-06
1772010000,1.25e-05
1772013600,1.25e-05
1772017200,1.13204e-05
1772020800,1.25e-05
1772024400,1.25e-05
1772028000,1.25e-05
1772031600,1.25e-05
1772035200,8.8366e-06
1772038800,2.7069e-06
1772042400,9.225e-06
1772046000,8.5171e-06
1772049600,1.25e-05
1772053200,1.25e-05
1772056800,1.25e-05
1772060400,1.25e-05
1772064000,1.25e-05
1772067600,1.25e-05
1772071200,1.25e-05
1772074800,9.1102e-06
1772078400,9.41e-06
1772082000,1.15729e-05
1772085600,7.5454e-06
1772089200,8.7479e-06
1772092800,1.25e-05
1772096400,7.5453e-06
1772100000,5.4998e-06
1772103600,8.137e-07
1772107200,7.3894e-06
1772110800,6.7244e-06
1772114400,-2.4004e-06
1772118000,-6.561e-07
1772121600,4.3816e-06
1772125200,2.2173e-06
1772128800,6.2902e-06
1772132400,1.25e-05
1772136000,1.25e-05
1772139600,1.25e-05
1772143200,1.25e-05
1772146800,1.25e-05
1772150400,1.25e-05
1772154000,4.1608e-06
1772157600,9.1747e-06
1772161200,1.08548e-05
1772164800,1.25e-05
1772168400,1.25e-05
1772172000,1.14996e-05
1772175600,8.9078e-06
1772179200,9.7743e-06
1772182800,9.9982e-06
1772186400,7.8707e-06
1772190000,-1.515e-07
1772193600,-1.4515e-06
1772197200,-8.823e-07
1772200800,8.1704e-06
1772204400,5.2268e-06
1772208000,-2.1746e-06
1772211600,-2.6391e-06
1772215200,-5.1918e-06
1772218800,-7.2685e-06
1772222400,-2.5202e-06
1772226000,-9.495e-07
1772229600,8.933e-07
1772233200,-4.6068e-06
1772236800,-6.1634e-06
1772240400,-5.378e-06
1772244000,-5.5362e-06
1772247600,-7.7355e-06
1772251200,1.7948e-06
1772254800,2.9335e-06
1772258400,2.5773e-06
1772262000,-2.1684e-06
1772265600,-5.6316e-06
1772269200,-9.467e-07
1772272800,-1.05714e-05
1772276400,-4.8609e-06
1772280000,-1.8846e-06
1772283600,-7.693e-07
1772287200,-4.251e-06
1772290800,6.0792e-06
1772294400,6.5188e-06
1772298000,4.6069e-06
1772301600,7.9119e-06
1772305200,1.06154e-05
1772308800,7.128e-06
1772312400,7.9991e-06
1772316000,1.06209e-05
1772319600,1.23853e-05
1772323200,6.6153e-06
1772326800,1.08011e-05
1772330400,1.25e-05
1772334000,1.25e-05
1772337600,1.25e-05
1772341200,1.25e-05
1772344800,1.25e-05
1772348400,1.25e-05
1772352000,1.25e-05
1772355600,1.25e-05
1772359200,1.25e-05
1772362800,1.25e-05
1772366400,1.25e-05
1772370000,1.13428e-05
1772373600,1.06891e-05
1772377200,1.25e-05
1772380800,1.25e-05
1772384400,1.25e-05
1772388000,9.3406e-06
1772391600,1.25e-05
1772395200,5.9693e-06
1772398800,2.72e-06
1772402400,2.0076e-06
1772406000,2.8261e-06
1772409600,3.162e-06
1772413200,1.25e-05
1772416800,1.25e-05
1772420400,1.25e-05
1772424000,1.25e-05
1772427600,1.25e-05
1772431200,1.25e-05
1772434800,6.3758e-06
1772438400,-1.3992e-06
1772442000,6.2828e-06
1772445600,1.25e-05
1772449200,1.02671e-05
1772452800,4.6296e-06
1772456400,3.6914e-06
1772460000,3.7695e-06
1772463600,-6.534e-07
1772467200,1.25e-05
1772470800,1.25e-05
1772474400,9.0296e-06
1772478000,1.25e-05
1772481600,1.25e-05
1772485200,1.25e-05
1772488800,1.25e-05
1772492400,1.25e-05
1772496000,1.25e-05
1772499600,1.25e-05
1772503200,1.25e-05
1772506800,1.25e-05
1772510400,1.10094e-05
1772514000,8.9395e-06
1772517600,1.25e-05
1772521200,1.25e-05
1772524800,1.25e-05
1772528400,1.25e-05
1772532000,1.25e-05
1772535600,1.2182e-05
1772539200,1.13379e-05
1772542800,8.7975e-06
1772546400,-2.336e-07
1772550000,8.9689e-06
1772553600,-1.718e-06
1772557200,6.0529e-06
1772560800,9.865e-07
1772564400,4.371e-07
1772568000,5.8812e-06
1772571600,-3.007e-06
1772575200,-4.8837e-06
1772578800,1.8057e-06
1772582400,3.2971e-06
1772586000,-5.1553e-06
1772589600,-4.7172e-06
1772593200,-5.7978e-06
1772596800,-7.5104e-06
1772600400,-1.59454e-05
1772604000,3.6323e-06
1772607600,7.3408e-06
1772611200,8.1403e-06
1772614800,1.25e-05
1772618400,1.25e-05
1772622000,1.25e-05
1772625600,1.25e-05
1772629200,1.25e-05
1772632800,1.08388e-05
1772636400,1.25e-05
1772640000,1.25e-05
1772643600,1.25e-05
1772647200,1.07763e-05
1772650800,7.6994e-06
1772654400,9.7285e-06
1772658000,6.2551e-06
1772661600,1.22783e-05
1772665200,1.23911e-05
1772668800,1.25e-05
1772672400,1.25e-05
1772676000,1.07737e-05
1772679600,1.25e-05
1772683200,1.25e-05
1772686800,1.25e-05
1772690400,1.25e-05
1772694000,1.22415e-05
1772697600,1.25e-05
1772701200,1.25e-05
1772704800,1.25e-05
1772708400,1.25e-05
1772712000,1.25e-05
1772715600,8.2792e-06
1772719200,-7.0936e-06
1772722800,-7.4297e-06
1772726400,-1.16509e-05
1772730000,4.662e-07
1772733600,3.9172e-06
1772737200,1.25e-05
1772740800,1.25e-05
1772744400,1.25e-05
1772748000,1.25e-05
1772751600,1.25e-05
1772755200,1.25e-05
1772758800,1.18817e-05
1772762400,1.07338e-05
1772766000,1.16261e-05
1772769600,1.10017e-05
1772773200,1.24779e-05
1772776800,5.4554e-06
1772780400,9.779e-06
1772784000,1.25e-05
1772787600,1.25e-05
1772791200,1.3005e-06
1772794800,5.246e-07
1772798400,-1.143e-06
1772802000,2.6306e-06
1772805600,5.107e-07
1772809200,-2.2752e-05
1772812800,-9.1707e-06
1772816400,-5.5583e-06
1772820000,4.2591e-06
1772823600,6.0493e-06
1772827200,8.8208e-06
1772830800,4.4015e-06
1772834400,2.29e-07
1772838000,-2.106e-07
1772841600,-4.6917e-06
1772845200,-5.6005e-06
1772848800,-4.9812e-06
1772852400,-2.8234e-06
1772856000,-6.3628e-06
1772859600,-6.0772e-06
1772863200,-4.5894e-06
1772866800,-7.549e-06
1772870400,-4.965e-06
1772874000,-3.0737e-06
1772877600,-1.0465e-06
1772881200,2.753e-07
1772884800,4.034e-06
1772888400,-4.814e-06
1772892000,-1.2359e-06
1772895600,-4.1776e-06
1772899200,-3.9504e-06
1772902800,-5.4677e-06
1772906400,7.6532e-06
1772910000,-9.355e-07
1772913600,-1.33095e-05
1772917200,-8.7133e-06
1772920800,-1.23538e-05
1772924400,-1.13123e-05
1772928000,-2.18012e-05
1772931600,-8.719e-06
1772935200,-9.8411e-06
1772938800,-1.30707e-05
1772942400,-2.23952e-05
1772946000,-2.29319e-05
1772949600,-2.29826e-05
1772953200,-2.38212e-05
1772956800,-1.68251e-05
1772960400,-1.96066e-05
1772964000,-1.08389e-05
1772967600,5.9429e-06
1772971200,-3.0159e-06
1772974800,-1.80099e-05
1772978400,-1.41318e-05
1772982000,-9.7769e-06
1772985600,-1.40543e-05
1772989200,-8.0551e-06
1772992800,-1.35771e-05
1772996400,-2.61043e-05
1773000000,-2.51026e-05
1773003600,-2.75341e-05
1773007200,-2.82663e-05
1773010800,-4.53258e-05
1773014400,-1.7276e-05
1773018000,-7.262e-06
1773021600,-1.40077e-05
1773025200,-1.00457e-05
1773028800,1.8554e-06
1773032400,4.4172e-06
1773036000,6.7659e-06
1773039600,5.4362e-06
1773043200,-4.4117e-06
1773046800,7.9953e-06
1773050400,1.25e-05
1773054000,5.8153e-06
1773057600,1.16118e-05
1773061200,1.25e-05
1773064800,1.25e-05
1773068400,1.25e-05
1773072000,1.10913e-05
1773075600,1.05145e-05
1773079200,7.0833e-06
1773082800,7.8006e-06
1773086400,1.08656e-05
1773090000,5.5913e-06
1773093600,-2.9452e-06
1773097200,3.0117e-06
1773100800,6.5661e-06
1773104400,1.25e-05
1773108000,1.17149e-05
1773111600,1.25e-05
1773115200,1.25e-05
1773118800,1.25e-05
1773122400,1.25e-05
1773126000,1.25e-05
1773129600,1.25e-05
1773133200,1.25e-05
1773136800,1.25e-05
1773140400,7.9466e-06
1773144000,1.00056e-05
1773147600,1.25e-05
1773151200,1.12451e-05
1773154800,1.25e-05
1773158400,1.25e-05
1773162000,1.2341e-05
1773165600,1.25e-05
1773169200,2.8526e-06
1773172800,-2.7018e-06
1773176400,1.9739e-06
1773180000,-4.8653e-06
1773183600,-5.1022e-06
1773187200,-6.6969e-06
1773190800,-3.3414e-06
1773194400,-4.388e-07
1773198000,3.33e-08
1773201600,-4.8455e-06
1773205200,1.01121e-05
1773208800,3.8939e-06
1773212400,1.3257e-06
1773216000,-3.0581e-06
1773219600,-8.1886e-06
1773223200,-8.0594e-06
1773226800,-1.9158e-06
1773230400,1.77e-08
1773234000,-1.1186e-06
1773237600,-1.5885e-06
1773241200,7.521e-06
1773244800,4.186e-06
1773248400,2.6046e-06
1773252000,2.2066e-06
1773255600,8.137e-07
1773259200,-9.585e-07
1773262800,-3.625e-06
1773266400,-2.2012e-06
1773270000,1.3685e-06
1773273600,-8.22e-08
1773277200,-1.4252e-06
1773280800,2.8371e-06
1773284400,-2.6426e-06
1773288000,-1.7901e-05
1773291600,-1.00259e-05
1773295200,-4.811e-06
1773298800,-3.5827e-06
1773302400,3.4089e-06
1773306000,6.8824e-06
1773309600,3.5394e-06
1773313200,1.917e-06
1773316800,4.1845e-06
1773320400,-6.8141e-06
1773324000,-1.17808e-05
1773327600,-6.356e-06
1773331200,3.528e-07
1773334800,-2.9844e-06
1773338400,-8.8222e-06
1773342000,-1.40411e-05
1773345600,-4.277e-06
1773349200,-7.3399e-06
1773352800,4.6511e-06
1773356400,2.4993e-06
1773360000,1.06171e-05
1773363600,1.25e-05
1773367200,9.1794e-06
1773370800,3.4759e-06
1773374400,5.7144e-06
1773378000,9.4774e-06
1773381600,5.7083e-06
1773385200,4.3005e-06
1773388800,3.4699e-06
1773392400,1.7938e-06
1773396000,9.7203e-06
1773399600,1.2145e-05
1773403200,7.2308e-06
1773406800,8.1251e-06
1773410400,7.9753e-06
1773414000,1.3618e-06
1773417600,3.7443e-06
1773421200,1.07182e-05
1773424800,4.5529e-06
1773428400,4.3587e-06
1773432000,1.2807e-06
1773435600,6.6189e-06
1773439200,3.0948e-06
1773442800,2.3774e-06
1773446400,5.9346e-06
1773450000,5.3652e-06
1773453600,5.0772e-06
1773457200,6.1891e-06
1773460800,7.9905e-06
1773464400,5.9256e-06
1773468000,6.8709e-06
1773471600,3.2447e-06
1773475200,1.9987e-06
1773478800,4.13e-06
1773482400,3.882e-06
1773486000,1.3715e-06
1773489600,3.6637e-06
1773493200,4.9513e-06
1773496800,7.2208e-06
1773500400,2.1813e-06
1773504000,1.585e-06
1773507600,-1.2487e-06
1773511200,1.11464e-05
1773514800,8.9024e-06
1773518400,5.4101e-06
1773522000,8.0819e-06
1773525600,4.0515e-06
1773529200,6.8609e-06
1773532800,8.6168e-06
1773536400,6.6721e-06
1773540000,7.4361e-06
1773543600,1.25e-05
1773547200,1.25e-05
1773550800,1.25e-05
1773554400,1.25e-05
1773558000,1.25e-05
1773561600,1.25e-05
1773565200,1.25e-05
1773568800,1.25e-05
1773572400,1.25e-05
1773576000,1.25e-05
1773579600,1.25e-05
1773583200,3.2295e-06
1773586800,8.3468e-06
1773590400,1.02733e-05
1773594000,5.5548e-06
1773597600,8.0678e-06
1773601200,9.1465e-06
1773604800,-1.1165e-06
1773608400,7.525e-07
1773612000,-7.031e-07
1773615600,4.4634e-06
1773619200,8.5512e-06
1773622800,5.9139e-06
1773626400,7.176e-06
1773630000,7.9543e-06
1773633600,6.3424e-06
1773637200,9.2847e-06
1773640800,9.3754e-06
1773644400,6.9128e-06
1773648000,1.00574e-05
1773651600,8.0043e-06
1773655200,1.08257e-05
1773658800,1.17868e-05
1773662400,5.3481e-06
1773666000,-5.063e-06
1773669600,-6.5004e-06
1773673200,-1.04411e-05
1773676800,-1.71063e-05
1773680400,-1.01503e-05
1773684000,-6.64e-07
1773687600,-5.3163e-06
1773691200,-3.3069e-06
1773694800,5.777e-07
1773698400,-2.11093e-05
1773702000,-3.10959e-05
1773705600,-1.96189e-05
1773709200,-3.33359e-05
1773712800,-3.5707e-05
1773716400,-2.59039e-05
1773720000,-2.11818e-05
1773723600,-1.4028e-05
1773727200,-8.1663e-06
1773730800,-3.2205e-06
1773734400,-1.4461e-06
1773738000,9.3224e-06
1773741600,1.16632e-05
1773745200,2.4539e-06
1773748800,7.1234e-06
1773752400,9.9661e-06
1773756000,1.25e-05
1773759600,1.25e-05
1773763200,1.9691e-06
1773766800,1.8932e-06
1773770400,3.216e-07
1773774000,3.7321e-06
1773777600,-1.7608e-06
1773781200,3.5509e-06
1773784800,1.25e-05
1773788400,1.20158e-05
1773792000,5.6163e-06
1773795600,3.6081e-06
1773799200,6.8648e-06
1773802800,5.9899e-06
1773806400,7.4866e-06
1773810000,1.5839e-06
1773813600,6.9277e-06
1773817200,1.03108e-05
1773820800,-2.522e-06
1773824400,2.3572e-06
1773828000,1.11125e-05
1773831600,6.9809e-06
1773835200,8.0094e-06
1773838800,9.3413e-06
1773842400,1.25e-05
1773846000,9.6862e-06
1773849600,1.25e-05
1773853200,1.25e-05
1773856800,1.25e-05
1773860400,1.25e-05
1773864000,1.25e-05
1773867600,1.25e-05
1773871200,1.25e-05
1773874800,-3.33e-06
1773878400,9.9086e-06
1773882000,-7.9407e-06
1773885600,9.75e-08
1773889200,4.435e-06
1773892800,5.3774e-06
1773896400,-1.9737e-06
1773900000,-2.9521e-06
1773903600,2.808e-07
1773907200,-1.7476e-05
1773910800,-1.34542e-05
1773914400,5.6916e-06
1773918000,1.7914e-06
1773921600,-4.9426e-06
1773925200,-1.50044e-05
1773928800,-8.1183e-06
1773932400,-5.3559e-06
1773936000,-2.017e-06
1773939600,-2.7362e-06
1773943200,-2.2644e-06
1773946800,-4.135e-07
1773950400,1.25e-05
1773954000,1.25e-05
1773957600,1.25e-05
1773961200,1.25e-05
1773964800,1.25e-05
1773968400,1.25e-05
1773972000,1.25e-05
1773975600,1.25e-05
1773979200,1.25e-05
1773982800,1.25e-05
1773986400,1.22982e-05
1773990000,9.2948e-06
1773993600,1.25e-05
1773997200,1.25e-05
1774000800,1.21783e-05
1774004400,9.0773e-06
1774008000,1.8233e-06
1774011600,-4.7862e-06
1774015200,-1.6363e-06
1774018800,-9.5575e-06
1774022400,2.3854e-06
1774026000,1.3882e-06
1774029600,-8.732e-07
1774033200,-6.1713e-06
1774036800,1.8006e-06
1774040400,-1.5547e-06
1774044000,-6.67e-07
1774047600,6.171e-07
1774051200,-3.9418e-06
1774054800,-5.788e-07
1774058400,3.8477e-06
1774062000,5.619e-06
1774065600,1.851e-07
1774069200,6.7503e-06
1774072800,3.2573e-06
1774076400,5.2911e-06
1774080000,7.371e-06
1774083600,9.86e-07
1774087200,-8.5587e-06
1774090800,-3.6465e-06
1774094400,-3.8557e-06
1774098000,-1.5485e-06
1774101600,-2.5062e-06
1774105200,-3.6018e-06
1774108800,-2.5973e-06
1774112400,-2.1487e-06
1774116000,6.454e-07
1774119600,-2.85e-08
1774123200,5.018e-07
1774126800,5.0419e-06
1774130400,1.5387e-06
1774134000,-2.0737e-06
1774137600,-8.9035e-06
1774141200,-9.6714e-06
1774144800,-8.9509e-06
1774148400,-2.692e-06
1774152000,-9.3626e-06
1774155600,-6.1817e-06
1774159200,-1.11621e-05
1774162800,-8.5042e-06
1774166400,-4.3598e-06
1774170000,-1.52655e-05
1774173600,-4.039e-06
1774177200,-9.3165e-06
1774180800,-8.9938e-06
1774184400,-6.429e-07
1774188000,4.307e-07
1774191600,2.4901e-06
1774195200,-5.3935e-06
1774198800,-4.1232e-06
1774202400,-3.0849e-06
1774206000,-8.7603e-06
1774209600,-1.35607e-05
1774213200,-1.47952e-05
1774216800,-2.40093e-05
1774220400,-2.41231e-05
1774224000,-9.1062e-06
1774227600,-1.17483e-05
1774231200,-3.3687e-06
1774234800,-4.2566e-06
1774238400,-1.09849e-05
1774242000,-7.7099e-06
1774245600,-1.1271e-06
1774249200,-7.2348e-06
1774252800,-9.798e-06
1774256400,-2.9147e-06
1774260000,-5.1488e-06
1774263600,-6.3437e-06
1774267200,-3.0802e-06
1774270800,-9.186e-07
1774274400,8.0094e-06
1774278000,3.9971e-06
1774281600,5.9359e-06
1774285200,1.135e-06
1774288800,3.7919e-06
1774292400,3.4581e-06
1774296000,6.8754e-06
1774299600,5.9212e-06
1774303200,6.6749e-06
1774306800,3.4976e-06
1774310400,1.344e-07
1774314000,-6.5335e-06
1774317600,-3.6429e-06
1774321200,-3.5994e-06
1774324800,2.5158e-06
1774328400,-3.0321e-06
1774332000,8.837e-07
1774335600,9.6965e-06
1774339200,1.25e-05
1774342800,-1.543e-07
1774346400,-1.4909e-06
1774350000,1.8627e-06
1774353600,6.0069e-06
1774357200,6.8178e-06
1774360800,4.2082e-06
1774364400,9.3637e-06
1774368000,1.25e-05
1774371600,5.3298e-06
1774375200,2.1945e-06
1774378800,9.0675e-06
1774382400,8.8344e-06
1774386000,1.25e-05
1774389600,1.25e-05
1774393200,1.25e-05
1774396800,1.25e-05
1774400400,1.25e-05
1774404000,8.1867e-06
1774407600,4.6179e-06
1774411200,4.2331e-06
1774414800,1.25e-05
1774418400,1.25e-05
1774422000,1.25e-05
1774425600,1.25e-05
1774429200,1.16144e-05
1774432800,1.25e-05
1774436400,1.25e-05
1774440000,1.25e-05
1774443600,1.25e-05
1774447200,1.25e-05
1774450800,1.25e-05
1774454400,1.25e-05
1774458000,1.25e-05
1774461600,9.9279e-06
1774465200,1.171e-05
1774468800,1.25e-05
1774472400,1.25e-05
1774476000,1.25e-05
1774479600,1.02973e-05
1774483200,8.2549e-06
1774486800,6.5717e-06
1774490400,8.69e-06
1774494000,1.2972e-06
1774497600,6.5783e-06
1774501200,2.6039e-06
1774504800,-6.6393e-06
1774508400,-6.1212e-06
1774512000,-1.2126e-06
1774515600,3.387e-07
1774519200,-9.7586e-06
1774522800,-1.69661e-05
1774526400,-2.29116e-05
1774530000,-1.78293e-05
1774533600,-9.0488e-06
1774537200,-6.94e-06
1774540800,-8.112e-07
1774544400,3.2864e-06
1774548000,2.9624e-06
1774551600,3.5867e-06
1774555200,9.5342e-06
1774558800,1.92e-08
1774562400,1.1142e-06
1774566000,5.2931e-06
1774569600,4.8323e-06
1774573200,1.3726e-06
1774576800,2.5295e-06
1774580400,-8.096e-07
1774584000,1.521e-06
1774587600,-4.7736e-06
1774591200,-4.586e-07
1774594800,-3.5731e-06
1774598400,-7.4852e-06
1774602000,-1.785e-07
1774605600,2.6514e-06
1774609200,-8.4709e-06
1774612800,-1.67201e-05
1774616400,-2.14167e-05
1774620000,-2.92608e-05
1774623600,-1.43102e-05
1774627200,-5.4742e-06
1774630800,2.2959e-06
1774634400,2.4584e-06
1774638000,5.5622e-06
1774641600,-3.6252e-06
1774645200,-4.5806e-06
1774648800,-6.4363e-06
1774652400,-7.9186e-06
1774656000,-2.7083e-06
1774659600,-3.2634e-06
1774663200,-4.4196e-06
1774666800,-4.1494e-06
1774670400,-1.09474e-05
1774674000,-1.4396e-05
1774677600,1.6071e-06
1774681200,1.25e-05
1774684800,1.25e-05
1774688400,1.25e-05
1774692000,1.25e-05
1774695600,1.25e-05
1774699200,1.25e-05
1774702800,1.25e-05
1774706400,1.25e-05
1774710000,1.25e-05
1774713600,1.25e-05
1774717200,1.25e-05
1774720800,1.25e-05
1774724400,1.25e-05
1774728000,1.25e-05
1774731600,1.25e-05
1774735200,1.25e-05
1774738800,1.25e-05
1774742400,1.25e-05
1774746000,1.09124e-05
1774749600,1.25e-05
1774753200,1.25e-05
1774756800,1.25e-05
1774760400,1.25e-05
1774764000,1.21112e-05
1774767600,1.25e-05
1774771200,1.25e-05
1774774800,1.25e-05
1774778400,1.25e-05
1774782000,1.13548e-05
1774785600,1.25e-05
1774789200,1.25e-05
1774792800,1.25e-05
1774796400,1.25e-05
1774800000,7.7082e-06
1774803600,1.25e-05
1774807200,1.25e-05
1774810800,1.25e-05
1774814400,1.05495e-05
1774818000,1.17278e-05
1774821600,1.24718e-05
1774825200,1.6359e-06
1774828800,-7.986e-07
1774832400,2.9546e-06
1774836000,1.25e-05
1774839600,1.25e-05
1774843200,1.25e-05
1774846800,1.25e-05
1774850400,1.25e-05
1774854000,1.19729e-05
1774857600,6.3161e-06
1774861200,4.5542e-06
1774864800,5.1029e-06
1774868400,3.3325e-06
1774872000,6.9788e-06
1774875600,6.4241e-06
1774879200,3.9172e-06
1774882800,4.9712e-06
1774886400,5.6141e-06
1774890000,7.5903e-06
1774893600,9.463e-07
1774897200,6.2588e-06
1774900800,-4.0605e-06
1774904400,-5.4116e-06
1774908000,5.2335e-06
1774911600,7.0518e-06
1774915200,-4.69e-08
1774918800,3.2551e-06
1774922400,1.25e-05
1774926000,1.12762e-05
1774929600,1.10189e-05
1774933200,1.24095e-05
1774936800,9.6078e-06
1774940400,9.0863e-06
1774944000,7.0059e-06
1774947600,6.6577e-06
1774951200,-8.4699e-06
1774954800,-5.588e-06
1774958400,-5.0354e-06
1774962000,4.0841e-06
1774965600,1.08512e-05
1774969200,5.364e-06
1774972800,1.8459e-06
1774976400,4.1508e-06
1774980000,5.363e-07
1774983600,-4.9177e-06
1774987200,-8.1465e-06
1774990800,-6.4685e-06
1774994400,-3.8231e-06
1774998000,-9.9798e-06
1775001600,-1.2125e-06
1775005200,3.2743e-06
1775008800,-2.5351e-06
1775012400,-7.6694e-06
1775016000,-1.0778e-06
1775019600,1.25e-05
1775023200,1.25e-05
1775026800,1.25e-05
1775030400,1.1477e-05
1775034000,1.00718e-05
1775037600,1.16435e-05
1775041200,1.23553e-05
1775044800,4.9528e-06
1775048400,6.3563e-06
1775052000,-2.2694e-06
1775055600,-9.726e-07
1775059200,2.2598e-06
1775062800,-1.9416e-06
1775066400,-9.9831e-06
1775070000,-1.91518e-05
1775073600,-2.15998e-05
1775077200,-3.24351e-05
1775080800,-3.50975e-05
1775084400,-3.51929e-05
1775088000,-2.53808e-05
1775091600,-2.84249e-05
1775095200,-2.62836e-05
1775098800,-2.2471e-05
1775102400,-2.04564e-05
1775106000,-2.09143e-05
1775109600,-1.05577e-05
1775113200,-5.0992e-06
1775116800,-4.0541e-06
1775120400,-6.2328e-06
1775124000,5.9603e-06
1775127600,1.9819e-06
1775131200,1.0871e-06
1775134800,2.4025e-06
1775138400,5.8724e-06
1775142000,8.9785e-06
1775145600,5.493e-07
1775149200,-3.7356e-06
1775152800,-2.5019e-06
1775156400,2.8345e-06
1775160000,1.0017e-06
1775163600,7.4499e-06
1775167200,3.6669e-06
1775170800,1.2464e-06
1775174400,-9.1283e-06
1775178000,-1.9546e-06
1775181600,-6.1949e-06
1775185200,-4.1267e-06
1775188800,1.9077e-06
1775192400,7.3012e-06
1775196000,5.4741e-06
1775199600,6.9762e-06
1775203200,6.7189e-06
1775206800,1.396e-07
1775210400,-1.6968e-06
1775214000,-3.6269e-06
1775217600,5.2521e-06
1775221200,4.8613e-06
1775224800,-4.5136e-06
1775228400,1.5082e-06
1775232000,-4.7529e-06
1775235600,2.174e-07
1775239200,-8.721e-06
1775242800,-6.051e-07
1775246400,3.2937e-06
1775250000,7.023e-07
1775253600,5.4536e-06
1775257200,8.967e-07
1775260800,3.6982e-06
1775264400,3.9447e-06
1775268000,6.3029e-06
1775271600,6.3152e-06
1775275200,7.7536e-06
1775278800,7.8588e-06
1775282400,7.1381e-06
1775286000,8.0441e-06
1775289600,1.02552e-05
1775293200,4.6578e-06
1775296800,8.1427e-06
1775300400,1.03268e-05
1775304000,1.25e-05
1775307600,1.1808e-05
1775311200,7.1136e-06
1775314800,7.0471e-06
1775318400,1.25e-05
1775322000,9.356e-06
1775325600,1.19169e-05
1775329200,1.25e-05
1775332800,1.25e-05
1775336400,9.7285e-06
1775340000,1.25e-05
1775343600,1.25e-05
1775347200,8.0843e-06
1775350800,6.1765e-06
1775354400,6.6854e-06
1775358000,5.6694e-06
1775361600,8.4272e-06
1775365200,5.1372e-06
1775368800,6.2099e-06
1775372400,3.8481e-06
1775376000,5.327e-07
1775379600,6.617e-07
1775383200,3.483e-06
1775386800,4.0227e-06
1775390400,8.2546e-06
1775394000,-6.6528e-06
1775397600,-4.678e-06
1775401200,-1.5974e-06
1775404800,3.9535e-06
1775408400,2.4377e-06
1775412000,2.3426e-06
1775415600,6.1762e-06
1775419200,4.9132e-06
1775422800,5.7076e-06
1775426400,5.5653e-06
1775430000,4.4833e-06
1775433600,1.19665e-05
1775437200,1.12649e-05
1775440800,1.2225e-05
1775444400,1.25e-05
1775448000,7.982e-06
1775451600,7.6099e-06
1775455200,1.25e-05
1775458800,9.2093e-06
1775462400,1.20994e-05
1775466000,1.25e-05
1775469600,1.25e-05
1775473200,1.17894e-05
1775476800,1.1546e-05
1775480400,1.25e-05
1775484000,6.4037e-06
1775487600,7.164e-07
1775491200,-6.493e-07
1775494800,2.841e-06
1775498400,2.8787e-06
1775502000,4.2969e-06
1775505600,1.77e-06
1775509200,-7.238e-07
1775512800,2.3242e-06
1775516400,-4.9994e-06
1775520000,1.0712e-06
1775523600,-4.1e-07
1775527200,-4.9211e-06
1775530800,1.2941e-06
1775534400,5.465e-06
1775538000,3.8438e-06
1775541600,3.5061e-06
1775545200,4.3838e-06
1775548800,4.3956e-06
1775552400,1.21309e-05
1775556000,1.25e-05
1775559600,5.7303e-06
1775563200,7.237e-07
1775566800,8.3612e-06
1775570400,8.3255e-06
1775574000,1.04073e-05
1775577600,1.25e-05
1775581200,1.25e-05
1775584800,1.25e-05
1775588400,5.744e-06
1775592000,7.0285e-06
1775595600,6.8691e-06
1775599200,1.25e-05
1775602800,1.25e-05
1775606400,1.25e-05
1775610000,1.25e-05
1775613600,1.25e-05
1775617200,1.25e-05
1775620800,1.25e-05
1775624400,1.25e-05
1775628000,1.25e-05
1775631600,1.25e-05
1775635200,1.25e-05
1775638800,1.25e-05
1775642400,1.25e-05
1775646000,1.25e-05
1775649600,1.25e-05
1775653200,1.25e-05
1775656800,1.25e-05
1775660400,1.25e-05
1775664000,1.25e-05
1775667600,1.25e-05
1775671200,1.25e-05
1775674800,1.25e-05
1775678400,1.25e-05
1775682000,1.06035e-05
1775685600,1.14981e-05
1775689200,5.6475e-06
1775692800,5.4358e-06
1775696400,5.1239e-06
1775700000,3.5317e-06
1775703600,6.1953e-06
1775707200,3.1475e-06
1775710800,3.7246e-06
1775714400,1.11263e-05
1775718000,1.02427e-05
1775721600,3.4357e-06
1775725200,4.8362e-06
1775728800,2.5279e-06
1775732400,3.4279e-06
1775736000,-1.33505e-05
1775739600,1.196e-06
1775743200,1.0143e-06
1775746800,1.25e-05
1775750400,1.25e-05
1775754000,1.25e-05
1775757600,1.25e-05
1775761200,7.4443e-06
1775764800,1.25e-05
1775768400,1.25e-05
1775772000,1.25e-05
1775775600,1.25e-05
1775779200,1.19034e-05
1775782800,1.20949e-05
1775786400,1.1169e-05
1775790000,6.5995e-06
1775793600,7.9165e-06
1775797200,1.25e-05
1775800800,1.25e-05
1775804400,1.25e-05
1775808000,1.25e-05
1775811600,1.25e-05
1775815200,1.25e-05
1775818800,1.25e-05
1775822400,1.25e-05
1775826000,1.25e-05
1775829600,1.25e-05
1775833200,1.21184e-05
1775836800,8.0083e-06
1775840400,8.7681e-06
1775844000,6.95e-06
1775847600,1.23372e-05
1775851200,6.6812e-06
1775854800,8.3535e-06
1775858400,8.4585e-06
1775862000,7.1493e-06
1775865600,9.3751e-06
1775869200,6.4539e-06
1775872800,8.0623e-06
1775876400,1.05165e-05
1775880000,8.4086e-06
1775883600,4.2462e-06
1775887200,7.6173e-06
1775890800,2.7656e-06
1775894400,1.25e-05
1775898000,1.17023e-05
1775901600,7.1699e-06
1775905200,5.5921e-06
1775908800,3.7601e-06
1775912400,7.7239e-06
1775916000,1.11751e-05
1775919600,1.03187e-05
1775923200,9.5579e-06
1775926800,1.25e-05
1775930400,1.25e-05
1775934000,1.25e-05
1775937600,1.25e-05
1775941200,1.25e-05
1775944800,1.25e-05
1775948400,1.25e-05
1775952000,1.25e-05
1775955600,1.25e-05
1775959200,1.25e-05
1775962800,-3.5712e-06
1775966400,-1.544e-07
1775970000,2.611e-06
1775973600,-1.7102e-06
1775977200,-3.3089e-06
1775980800,-3.6516e-06
1775984400,6.5083e-06
1775988000,8.7069e-06
1775991600,-8.423e-07
1775995200,-6.115e-07
1775998800,-2.4547e-06
1776002400,-5.1713e-06
1776006000,-2.0653e-06
1776009600,-2.989e-06
1776013200,4.8445e-06
1776016800,-7.712e-07
1776020400,2.0897e-06
1776024000,-6.85e-08
1776027600,-6.0327e-06
1776031200,-2.5234e-06
1776034800,2.7015e-06
1776038400,1.0704e-06
1776042000,7.7271e-06
1776045600,7.7081e-06
1776049200,5.9621e-06
1776052800,4.5342e-06
1776056400,6.2827e-06
1776060000,2.2406e-06
1776063600,4.797e-06
1776067200,6.7965e-06
1776070800,-2.548e-06
1776074400,3.1381e-06
1776078000,3.5049e-06
1776081600,9.4442e-06
1776085200,7.936e-06
1776088800,9.6766e-06
1776092400,8.933e-06
1776096000,1.6525e-06
1776099600,1.06582e-05
1776103200,1.21944e-05
1776106800,9.533e-06
1776110400,1.07721e-05
1776114000,1.3496e-06
1776117600,6.122e-06
1776121200,9.8188e-06
1776124800,1.02195e-05
1776128400,9.2967e-06
1776132000,6.3917e-06
1776135600,9.7299e-06
1776139200,7.027e-06
1776142800,4.7714e-06
1776146400,5.3747e-06
1776150000,7.9203e-06
1776153600,8.1298e-06
1776157200,1.13252e-05
1776160800,1.4025e-06
1776164400,-2.2835e-06
1776168000,-1.4977e-06
1776171600,-1.2381e-06
1776175200,-7.2175e-06
1776178800,-4.63699e-05
1776182400,-3.56454e-05
1776186000,-3.98108e-05
1776189600,-3.1796e-05
1776193200,-2.92414e-05
1776196800,-1.79642e-05
1776200400,-2.17093e-05
1776204000,-1.99585e-05
1776207600,-1.82824e-05
1776211200,-2.01809e-05
1776214800,-1.09959e-05
1776218400,-1.22761e-05
1776222000,-2.10419e-05
1776225600,-1.73503e-05
1776229200,-1.15248e-05
1776232800,-1.64286e-05
1776236400,-9.9154e-06
1776240000,-1.52631e-05
1776243600,-5.855e-06
1776247200,-1.9163e-06
1776250800,-9.5736e-06
1776254400,-8.4847e-06
1776258000,-9.3175e-06
1776261600,-9.7373e-06
1776265200,-1.32472e-05
1776268800,-1.23358e-05
1776272400,-7.2522e-06
1776276000,-1.26752e-05
1776279600,-2.17177e-05
1776283200,-2.45448e-05
1776286800,-3.1479e-05
1776290400,-2.13398e-05
1776294000,-2.6429e-05
1776297600,-2.60337e-05
1776301200,-2.44772e-05
1776304800,-2.51362e-05
1776308400,-2.28192e-05
1776312000,-2.3804e-05
1776315600,-2.98508e-05
1776319200,-3.11113e-05
1776322800,-2.36382e-05
1776326400,-2.05278e-05
1776330000,-2.14546e-05
1776333600,-2.0525e-05
1776337200,-2.24155e-05
1776340800,-3.60126e-05
1776344400,-2.86371e-05
1776348000,-2.28506e-05
1776351600,-2.1833e-05
1776355200,-1.16128e-05
1776358800,-1.59343e-05
1776362400,-1.41521e-05
1776366000,-1.4052e-06
1776369600,4.8986e-06
1776373200,-1.9766e-06
1776376800,-4.214e-06
1776380400,-3.1485e-06
1776384000,3.6504e-06
1776387600,3.0752e-06
1776391200,-2.4037e-06
1776394800,-1.21024e-05
1776398400,-5.9726e-06
1776402000,-1.7888e-06
1776405600,-2.4935e-06
1776409200,3.21e-07
1776412800,-2.108e-07
1776416400,-5.6829e-06
1776420000,-6.5787e-06
1776423600,-1.4367e-05
1776427200,-1.01679e-05
1776430800,-6.0934e-06
1776434400,-6.8091e-06
1776438000,-1.40899e-05
1776441600,-2.0774e-05
1776445200,-3.16886e-05
1776448800,-2.7261e-05
1776452400,-2.03635e-05
1776456000,-1.9559e-05
1776459600,-2.67227e-05
1776463200,-1.85202e-05
1776466800,-3.07241e-05
1776470400,-3.73526e-05
1776474000,-2.32687e-05
1776477600,-1.56355e-05
1776481200,-1.49806e-05
1776484800,-1.70495e-05
1776488400,-1.55577e-05
1776492000,-1.4902e-05
1776495600,-2.05638e-05
1776499200,-1.37571e-05
1776502800,-8.4052e-06
1776506400,-1.27173e-05
1776510000,-1.04423e-05
1776513600,-9.3507e-06
1776517200,-9.8454e-06
1776520800,-9.9221e-06
1776524400,-1.4963e-05
1776528000,-1.86334e-05
1776531600,-1.89617e-05
1776535200,-1.74982e-05
1776538800,-2.25699e-05
1776542400,-2.50917e-05
1776546000,-1.98935e-05
1776549600,-2.12117e-05
1776553200,-1.50714e-05
1776556800,-1.57937e-05
1776560400,-1.03706e-05
1776564000,-1.42527e-05
1776567600,-1.06349e-05
1776571200,-1.70789e-05
1776574800,-1.92492e-05
1776578400,-1.94753e-05
1776582000,-2.36068e-05
1776585600,-2.95829e-05
1776589200,-2.11998e-05
1776592800,-2.41989e-05
1776596400,-1.80942e-05
1776600000,-1.18621e-05
1776603600,-2.59568e-05
1776607200,-2.42192e-05
1776610800,-1.87233e-05
1776614400,-1.91585e-05
1776618000,-2.74715e-05
1776621600,-2.81898e-05
1776625200,-1.93305e-05
1776628800,-5.7131e-06
1776632400,-1.03839e-05
1776636000,-1.41816e-05
1776639600,-1.42032e-05
1776643200,1.7487e-06
1776646800,2.3471e-06
1776650400,1.3507e-06
1776654000,-3.9537e-06
1776657600,1.4177e-06
1776661200,2.7427e-06
1776664800,4.677e-07
1776668400,5.9107e-06
1776672000,3.9273e-06
1776675600,-7.4405e-06
1776679200,3.0338e-06
1776682800,3.0222e-06
1776686400,6.7197e-06
1776690000,1.13549e-05
1776693600,-3.5124e-06
1776697200,-3.5158e-06
1776700800,3.5111e-06
1776704400,-4.2298e-06
1776708000,-5.768e-06
1776711600,-3.6798e-06
1776715200,-1.05354e-05
1776718800,-9.3948e-06
1776722400,-1.46232e-05
1776726000,-1.91799e-05
1776729600,-2.33742e-05
1776733200,-1.11625e-05
1776736800,-1.04464e-05
1776740400,-2.02001e-05
1776744000,-8.0102e-06
1776747600,-4.0675e-06
1776751200,-1.6515e-06
1776754800,-7.0694e-06
1776758400,-1.11908e-05
1776762000,-3.6094e-06
1776765600,-4.8234e-06
1776769200,-5.0885e-06
1776772800,-6.7612e-06
1776776400,-1.15122e-05
1776780000,4.9717e-06
1776783600,1.03903e-05
1776787200,2.8833e-06
1776790800,-2.2045e-06
1776794400,-6.5625e-06
1776798000,-8.1906e-06
1776801600,-3.5718e-06
1776805200,2.316e-06
1776808800,3.6786e-06
1776812400,2.865e-06
1776816000,3.3206e-06
1776819600,4.7412e-06
1776823200,6.5202e-06
1776826800,9.3362e-06
1776830400,1.06654e-05
1776834000,1.25e-05
1776837600,8.3149e-06
1776841200,8.139e-06
1776844800,9.5445e-06
1776848400,6.256e-06
1776852000,5.5637e-06
1776855600,8.235e-06
1776859200,1.22658e-05
1776862800,7.0701e-06
1776866400,4.775e-06
1776870000,3.7324e-06
1776873600,5.1524e-06
1776877200,3.0765e-06
1776880800,5.9808e-06
1776884400,2.9347e-06
1776888000,3.002e-07
1776891600,1.2437e-06
1776895200,3.5028e-06
1776898800,1.0823e-06
1776902400,-3.9501e-06
1776906000,7.172e-07
1776909600,6.6016e-06
1776913200,4.9298e-06
1776916800,-1.04381e-05
1776920400,-7.0248e-06
1776924000,-4.4284e-06
1776927600,-3.8989e-06
1776931200,-1.9271e-06
1776934800,-5.29e-06
1776938400,-1.53203e-05
1776942000,-7.7594e-06
1776945600,-5.4122e-06
1776949200,-8.7725e-06
1776952800,-5.8198e-06
1776956400,2.8999e-06
1776960000,-1.8516e-06
1776963600,-2.8329e-06
1776967200,4.658e-07
1776970800,1.622e-07
1776974400,-1.01152e-05
1776978000,9.718e-06
1776981600,7.0428e-06
1776985200,-1.536e-07
1776988800,-2.6427e-06
1776992400,1.669e-06
1776996000,-2.7721e-06
1776999600,-4.0588e-06
1777003200,-1.51157e-05
1777006800,-1.50884e-05
1777010400,-5.3411e-06
1777014000,2.2774e-06
1777017600,6.8996e-06
1777021200,7.4941e-06
1777024800,-3.8331e-06
1777028400,-6.6904e-06
1777032000,1.453e-07
1777035600,-9.0516e-06
1777039200,-1.30322e-05
1777042800,-8.7482e-06
1777046400,4.5183e-06
1777050000,7.9538e-06
1777053600,4.3706e-06
1777057200,1.2217e-06
1777060800,2.236e-06
1777064400,5.741e-07
1777068000,-6.732e-07
1777071600,-1.168e-07
1777075200,2.7136e-06
1777078800,1.9013e-06
1777082400,1.0537e-06
1777086000,-3.723e-07
1777089600,5.7864e-06
1777093200,7.4668e-06
1777096800,3.1845e-06
1777100400,6.16e-06
1777104000,5.9803e-06
1777107600,9.9823e-06
1777111200,1.13604e-05
1777114800,9.4156e-06
1777118400,1.7861e-06
1777122000,3.7457e-06
1777125600,4.9811e-06
1777129200,8.5881e-06
1777132800,-1.4386e-06
1777136400,6.3588e-06
1777140000,7.8359e-06
1777143600,7.1098e-06
1777147200,6.6393e-06
1777150800,5.8796e-06
1777154400,4.2594e-06
1777158000,3.3018e-06
1777161600,1.1049e-06
1777165200,-3.7823e-06
1777168800,-1.9344e-06
1777172400,-3.0217e-06
1777176000,-6.8679e-06
1777179600,-1.09829e-05
1777183200,-3.1716e-06
1777186800,2.3113e-06
1777190400,2.4448e-06
1777194000,2.6174e-06
1777197600,-1.4859e-06
1777201200,-3.6907e-06
1777204800,1.5274e-06
1777208400,-3.9362e-06
1777212000,-7.6357e-06
1777215600,-4.5665e-06
1777219200,-7.1443e-06
1777222800,-4.3152e-06
1777226400,-5.8695e-06
1777230000,-7.9624e-06
1777233600,-1.1346e-05
1777237200,-7.9813e-06
1777240800,-4.801e-06
1777244400,-4.617e-07
1777248000,6.556e-06
1777251600,7.7013e-06
1777255200,1.15493e-05
1777258800,1.05068e-05
1777262400,9.9555e-06
1777266000,1.00892e-05
1777269600,-3.4761e-06
1777273200,3.1183e-06
1777276800,-1.2164e-06
1777280400,3.24e-08
1777284000,3.9093e-06
1777287600,1.7826e-06
1777291200,2.3446e-06
1777294800,3.2965e-06
1777298400,9.9058e-06
1777302000,9.1553e-06
1777305600,-6.5222e-06
1777309200,-1.23532e-05
1777312800,-9.4856e-06
1777316400,-7.3279e-06
1777320000,-7.8387e-06
1777323600,-4.3043e-06
1777327200,-9.1508e-06
1777330800,-5.3462e-06
1777334400,-3.8815e-06
1777338000,-1.5396e-06
1777341600,-7.1081e-06
1777345200,-4.4927e-06
1777348800,-4.8453e-06
1777352400,-4.6523e-06
1777356000,-3.7131e-06
1777359600,-1.38554e-05
1777363200,-1.40345e-05
1777366800,-1.40167e-05
1777370400,-5.0025e-06
1777374000,-5.5922e-06
1777377600,-5.3896e-06
1777381200,-6.1493e-06
1777384800,2.1698e-06
1777388400,1.25e-05
1777392000,1.25e-05
1777395600,1.25e-05
1777399200,8.7246e-06
1777402800,4.171e-06
1777406400,1.21994e-05
1777410000,1.25e-05
1777413600,1.25e-05
1777417200,1.25e-05
1777420800,1.25e-05
1777424400,1.25e-05
1777428000,1.25e-05
1777431600,1.25e-05
1777435200,1.25e-05
1777438800,1.25e-05
1777442400,9.8347e-06
1777446000,1.25e-05
1777449600,1.25e-05
1777453200,1.25e-05
1777456800,1.25e-05
1777460400,6.8768e-06
1777464000,6.8545e-06
1777467600,1.07728e-05
1777471200,9.6929e-06
1777474800,6.2163e-06
1777478400,5.9074e-06
1777482000,2.7809e-06
1777485600,1.11468e-05
1777489200,-3.1505e-06
1777492800,4.1782e-06
1777496400,9.9342e-06
1777500000,1.03064e-05
1777503600,7.2034e-06
1777507200,5.3493e-06
1777510800,2.5158e-06
1777514400,-5.4252e-06
1777518000,-1.11776e-05
1777521600,-7.957e-06
1777525200,-3.4039e-06
1777528800,-3.6844e-06
1777532400,-4.553e-07
1777536000,1.25e-05
1777539600,7.0146e-06
1777543200,9.652e-07
1777546800,-1.9092e-06
1777550400,-5.5111e-06
1777554000,3.2389e-06
1777557600,-2.533e-07
1777561200,2.4062e-06
1777564800,8.6655e-06
1777568400,9.0311e-06
1777572000,6.3337e-06
1777575600,9.2939e-06
1777579200,1.25e-05
1777582800,1.23641e-05
1777586400,1.19885e-05
1777590000,1.25e-05
1777593600,1.25e-05
1777597200,1.05022e-05
1777600800,1.21031e-05
1777604400,1.25e-05
1777608000,1.25e-05
1777611600,1.25e-05
1777615200,1.25e-05
1777618800,1.10225e-05
1777622400,1.20502e-05
1777626000,1.25e-05
1777629600,6.0643e-06
1777633200,-2.0908e-06
1777636800,4.6185e-06
1777640400,1.25e-05
1777644000,4.2532e-06
1777647600,1.25e-05
1777651200,9.216e-06
1777654800,1.25e-05
1777658400,1.25e-05
1777662000,1.06516e-05
1777665600,1.0944e-05
1777669200,7.2268e-06
1777672800,-1.1653e-06
1777676400,-7.516e-07
1777680000,7.512e-07
1777683600,8.8687e-06
1777687200,6.7773e-06
1777690800,1.03746e-05
1777694400,1.25e-05
1777698000,8.5493e-06
1777701600,7.8553e-06
1777705200,6.1013e-06
1777708800,1.25e-05
1777712400,1.25e-05
1777716000,1.25e-05
1777719600,1.23278e-05
1777723200,6.3379e-06
1777726800,6.4375e-06
1777730400,1.05324e-05
1777734000,6.4732e-06
1777737600,5.4364e-06
1777741200,1.14649e-05
1777744800,1.25e-05
1777748400,1.25e-05
1777752000,1.25e-05
1777755600,1.25e-05
1777759200,1.25e-05
1777762800,1.25e-05
1777766400,1.25e-05
1777770000,1.25e-05
1777773600,1.25e-05
1777777200,1.25e-05
1777780800,1.20977e-05
1777784400,1.25e-05
1777788000,9.418e-06
1777791600,8.4126e-06
1777795200,7.0897e-06
1777798800,5.6374e-06
1777802400,1.25e-05
1777806000,1.25e-05
1777809600,1.16926e-05
1777813200,1.25e-05
1777816800,1.25e-05
1777820400,1.07692e-05
1777824000,1.25e-05
1777827600,1.09528e-05
1777831200,7.8464e-06
1777834800,6.7435e-06
1777838400,7.7135e-06
1777842000,1.25e-05
1777845600,1.11469e-05
1777849200,9.0067e-06
1777852800,1.25e-05
1777856400,1.25e-05
1777860000,1.25e-05
1777863600,8.8617e-06
1777867200,5.0868e-06
1777870800,8.0392e-06
1777874400,4.2586e-06
1777878000,6.7311e-06
1777881600,9.6189e-06
1777885200,1.1599e-05
1777888800,1.25e-05
1777892400,1.19317e-05
1777896000,4.3265e-06
1777899600,3.1638e-06
1777903200,5.8611e-06
1777906800,7.6422e-06
1777910400,5.029e-06
1777914000,2.8969e-06
1777917600,1.4165e-06
1777921200,-1.0247e-06
1777924800,6.4558e-06
1777928400,3.1951e-06
1777932000,2.1975e-06
1777935600,-5.339e-07
1777939200,-8.582e-07
1777942800,9.13e-08
1777946400,5.6156e-06
1777950000,9.1407e-06
1777953600,1.24524e-05
1777957200,2.754e-06
1777960800,3.9151e-06
1777964400,6.0166e-06
1777968000,7.3442e-06
1777971600,-1.3806e-06
1777975200,2.332e-06
1777978800,6.4614e-06
1777982400,1.11515e-05
1777986000,1.25e-05
1777989600,1.25e-05
1777993200,4.77e-08
1777996800,8.2419e-06
1778000400,8.1974e-06
1778004000,8.7061e-06
1778007600,1.25e-05
1778011200,1.25e-05
1778014800,1.25e-05
1778018400,9.7173e-06
1778022000,2.456e-07
1778025600,-1.17988e-05
1778029200,-9.0734e-06
1778032800,-6.5083e-06
1778036400,-1.10899e-05
1778040000,-3.3206e-06
1778043600,-2.9095e-06
1778047200,-5.1435e-06
1778050800,6.7193e-06
1778054400,1.25e-05
1778058000,1.25e-05
1778061600,1.25e-05
1778065200,1.25e-05
1778068800,1.25e-05
1778072400,1.25e-05
1778076000,1.25e-05
1778079600,1.25e-05
1778083200,1.25e-05
1778086800,1.22348e-05
1778090400,5.6246e-06
1778094000,5.2935e-06
1778097600,1.25e-05
1778101200,8.6582e-06
1778104800,9.915e-06
1778108400,7.7159e-06
1778112000,1.11268e-05
1778115600,6.3632e-06
1778119200,-4.4806e-06
1778122800,-3.329e-07
1778126400,6.3852e-06
1778130000,4.9625e-06
1778133600,9.4629e-06
1778137200,8.9567e-06
1778140800,8.8034e-06
1778144400,6.9173e-06
1778148000,-2.6616e-06
1778151600,-3.6109e-06
1778155200,3.7566e-06
1778158800,2.8173e-06
1778162400,-3.0098e-06
1778166000,4.3683e-06
1778169600,1.25e-05
1778173200,1.25e-05
1778176800,1.25e-05
1778180400,1.25e-05
1778184000,1.25e-05
1778187600,1.25e-05
1778191200,1.25e-05
1778194800,1.25e-05
1778198400,1.25e-05
1778202000,1.25e-05
1778205600,1.25e-05
1778209200,1.25e-05
1778212800,1.01677e-05
1778216400,1.25e-05
1778220000,1.25e-05
1778223600,1.25e-05
1778227200,6.3534e-06
1778230800,4.9213e-06
1778234400,1.25e-05
1778238000,9.6218e-06
1778241600,7.2467e-06
1778245200,1.22025e-05
1778248800,8.3856e-06
1778252400,1.19148e-05
1778256000,1.25e-05
1778259600,1.25e-05
1778263200,1.25e-05
1778266800,1.25e-05
1778270400,1.25e-05
1778274000,1.25e-05
1778277600,1.25e-05
1778281200,1.25e-05
1778284800,1.25e-05
1778288400,1.25e-05
1778292000,1.25e-05
1778295600,1.25e-05
1778299200,1.25e-05
1778302800,1.25e-05
1778306400,1.25e-05
1778310000,1.25e-05
1778313600,1.25e-05
1778317200,1.25e-05
1778320800,1.25e-05
1778324400,1.25e-05
1778328000,1.25e-05
1778331600,1.25e-05
1778335200,1.25e-05
1778338800,1.25e-05
1778342400,4.2003e-06
1778346000,6.0957e-06
1778349600,1.25e-05
1778353200,1.25e-05
1778356800,1.25e-05
1778360400,1.25e-05
1778364000,1.25e-05
1778367600,1.25e-05
1778371200,1.25e-05
1778374800,1.25e-05
1778378400,1.25e-05
1778382000,1.25e-05
1778385600,1.25e-05
1778389200,1.25e-05
1778392800,1.25e-05
1778396400,1.25e-05
1778400000,1.25e-05
1778403600,1.25e-05
1778407200,1.25e-05
1778410800,1.25e-05
1778414400,1.25e-05
1778418000,1.25e-05
1778421600,1.25e-05
1778425200,1.25e-05
1778428800,1.25e-05
1778432400,1.25e-05
1778436000,1.25e-05
1778439600,1.25e-05
1778443200,1.25e-05
1778446800,1.25e-05
1778450400,1.25e-05
1778454000,1.25e-05
1778457600,1.25e-05
1778461200,1.25e-05
1778464800,1.25e-05
1778468400,1.25e-05
1778472000,1.25e-05
1778475600,1.25e-05
1778479200,1.25e-05
1778482800,1.25e-05
1778486400,1.25e-05
1778490000,1.25e-05
1778493600,1.25e-05
1778497200,1.25e-05
1778500800,1.25e-05
1778504400,1.25e-05
1778508000,1.25e-05
1778511600,1.25e-05
1778515200,1.06078e-05
1778518800,6.4953e-06
1778522400,1.25e-05
1778526000,1.25e-05
1778529600,1.25e-05
1778533200,1.25e-05
1778536800,1.25e-05
1778540400,1.25e-05
1778544000,1.25e-05
1778547600,1.25e-05
1778551200,1.25e-05
1778554800,1.25e-05
1778558400,1.25e-05
1778562000,1.25e-05
1778565600,1.25e-05
1778569200,1.25e-05
1778572800,1.16715e-05
1778576400,2.5948e-06
1778580000,1.25e-05
1778583600,1.25e-05
1778587200,9.0916e-06
1778590800,1.24252e-05
1778594400,1.18585e-05
1778598000,7.2889e-06
1778601600,-3.5e-07
1778605200,2.8642e-06
1778608800,2.2076e-06
1778612400,7.4974e-06
1778616000,8.8273e-06
1778619600,6.4412e-06
1778623200,1.10625e-05
1778626800,1.14694e-05
1778630400,1.06136e-05
1778634000,8.7596e-06
1778637600,1.25e-05
1778641200,1.25e-05
1778644800,1.25e-05
1778648400,1.25e-05
1778652000,1.25e-05
1778655600,1.25e-05
1778659200,1.25e-05
1778662800,1.25e-05
1778666400,1.25e-05
1778670000,1.25e-05
1778673600,1.25e-05
1778677200,1.25e-05
1778680800,1.25e-05
1778684400,1.25e-05
1778688000,1.25e-05
1778691600,1.25e-05
1778695200,1.25e-05
1778698800,1.25e-05
1778702400,1.25e-05
1778706000,1.25e-05
1778709600,1.25e-05
1778713200,1.25e-05
1778716800,1.25e-05
1778720400,1.25e-05
1778724000,1.25e-05
1778727600,1.25e-05
1778731200,1.25e-05
1778734800,1.25e-05
1778738400,1.25e-05
1778742000,1.25e-05
1778745600,1.25e-05
1778749200,1.25e-05
1778752800,1.25e-05
1778756400,8.0856e-06
1778760000,-4.6274e-06
1778763600,7.3818e-06
1778767200,1.25e-05
1778770800,1.25e-05
1778774400,1.25e-05
1778778000,1.25e-05
1778781600,1.25e-05
1778785200,1.25e-05
1778788800,7.9014e-06
1778792400,4.1956e-06
1778796000,7.3372e-06
1778799600,6.9058e-06
1778803200,5.4125e-06
1778806800,8.9958e-06
1778810400,1.25e-05
1778814000,8.113e-06
1778817600,8.844e-06
1778821200,1.2584e-06
1778824800,2.2419e-06
1778828400,7.3212e-06
1778832000,1.25e-05
1778835600,1.01889e-05
1778839200,9.4204e-06
1778842800,6.6612e-06
1778846400,9.8255e-06
1778850000,6.8161e-06
1778853600,-7.695e-07
1778857200,1.25e-05
1778860800,1.25e-05
1778864400,2.3832e-06
1778868000,-3.7856e-06
1778871600,1.4662e-06
1778875200,6.0881e-06
1778878800,1.00124e-05
1778882400,4.8663e-06
1778886000,3.8604e-06
1778889600,4.6945e-06
1778893200,7.3035e-06
1778896800,3.0774e-06
1778900400,7.7983e-06
1778904000,4.6836e-06
1778907600,-9.455e-07
1778911200,-1.4041e-06
1778914800,-3.802e-06
1778918400,-6.139e-06
1778922000,4.442e-07
1778925600,2.847e-07
1778929200,-5.6392e-06
1778932800,1.8178e-06
1778936400,1.25e-05
1778940000,1.25e-05
1778943600,1.25e-05
1778947200,1.23924e-05
1778950800,1.25e-05
1778954400,1.25e-05
1778958000,1.25e-05
1778961600,1.07416e-05
1778965200,5.4075e-06
1778968800,-5.8876e-06
1778972400,-4.8663e-06
1778976000,-2.5e-09
1778979600,4.9372e-06
1778983200,-1.1981e-06
1778986800,-3.7519e-06
1778990400,-3.5628e-06
1778994000,-5.6113e-06
1778997600,-1.7161e-06
1779001200,-1.03815e-05
1779004800,-7.4054e-06
1779008400,-6.2954e-06
1779012000,-2.4171e-06
1779015600,-1.4647e-06
1779019200,-7.1282e-06
1779022800,-2.1408e-06
1779026400,-8.7148e-06
1779030000,-6.9624e-06
1779033600,5.257e-07
1779037200,2.4195e-06
1779040800,3.8959e-06
1779044400,8.6052e-06
1779048000,4.7035e-06
1779051600,-1.853e-06
1779055200,-3.8957e-06
1779058800,1.25e-05
1779062400,1.19187e-05
1779066000,-2.742e-07
1779069600,1.1802e-06
1779073200,-2.1635e-06
1779076800,-3.9553e-06
1779080400,-6.492e-07
1779084000,2.0569e-06
1779087600,3.094e-06
1779091200,7.329e-07
1779094800,-8.5436e-06
1779098400,-1.7584e-06
1779102000,4.354e-07
1779105600,1.4487e-06
1779109200,7.4091e-06
1779112800,8.8824e-06
1779116400,7.1492e-06
1779120000,1.20392e-05
1779123600,1.10726e-05
1779127200,1.25e-05
1779130800,8.3722e-06
1779134400,1.25e-05
1779138000,1.25e-05
1779141600,1.25e-05
1779145200,1.25e-05
1779148800,1.25e-05
1779152400,1.25e-05
1779156000,1.25e-05
1779159600,1.25e-05
1779163200,1.25e-05
1779166800,1.25e-05
1779170400,1.25e-05
1779174000,1.25e-05
1779177600,1.25e-05
1779181200,1.25e-05
1779184800,4.2471e-06
1779188400,1.25e-05
1779192000,1.25e-05
1779195600,1.23483e-05
1779199200,1.25e-05
1779202800,1.25e-05
1779206400,1.25e-05
1779210000,1.25e-05
1779213600,1.25e-05
1779217200,1.25e-05
1779220800,1.25e-05
1779224400,1.25e-05
1779228000,1.25e-05
1779231600,1.25e-05
1779235200,1.25e-05
1779238800,1.25e-05
1779242400,1.25e-05
1779246000,1.03237e-05
1779249600,9.4957e-06
1779253200,1.25e-05
1779256800,1.25e-05
1779260400,1.25e-05
1779264000,1.25e-05
1779267600,1.25e-05
1779271200,1.25e-05
1779274800,1.25e-05
1779278400,1.25e-05
1779282000,1.25e-05
1779285600,1.25e-05
1779289200,1.25e-05
1779292800,1.25e-05
1779296400,1.25e-05
1779300000,1.25e-05
1779303600,1.25e-05
1779307200,1.25e-05
1779310800,1.25e-05
1779314400,1.25e-05
1779318000,1.25e-05
1779321600,1.25e-05
1779325200,1.25e-05
1779328800,1.25e-05
1779332400,1.25e-05
1779336000,1.25e-05
1779339600,1.25e-05
1779343200,1.25e-05
1779346800,1.25e-05
1779350400,1.25e-05
1779354000,1.25e-05
1779357600,1.25e-05
1779361200,1.25e-05
1779364800,1.25e-05
1779368400,6.7716e-06
1779372000,1.25e-05
1779375600,1.25e-05
1779379200,1.25e-05
1779382800,1.25e-05
1779386400,1.25e-05
1779390000,1.25e-05
1779393600,1.25e-05
1779397200,1.25e-05
1779400800,1.25e-05
1779404400,1.25e-05
1779408000,1.25e-05
1779411600,1.25e-05
1779415200,1.25e-05
1779418800,1.25e-05
1779422400,1.25e-05
1779426000,1.25e-05
1779429600,1.25e-05
1779433200,1.25e-05
1779436800,1.25e-05
1779440400,1.25e-05
1779444000,1.25e-05
1779447600,1.25e-05
1779451200,1.25e-05
1779454800,1.25e-05
1779458400,1.25e-05
1779462000,1.25e-05
1779465600,1.25e-05
1779469200,1.25e-05
1779472800,1.25e-05
1779476400,1.25e-05
1779480000,9.432e-07
1779483600,1.22788e-05
1779487200,9.1664e-06
1779490800,4.9229e-06
1779494400,3.1062e-06
1779498000,5.5109e-06
1779501600,1.1398e-05
1779505200,6.6339e-06
1779508800,8.5298e-06
1779512400,1.25e-05
1779516000,1.25e-05
1779519600,1.25e-05
1779523200,5.1882e-06
1779526800,4.4213e-06
1779530400,3.9345e-06
1779534000,-4.3307e-06
1779537600,-1.889e-07
1779541200,-1.44481e-05
1779544800,-5.5009e-06
1779548400,-2.421e-06
1779552000,-2.9606e-06
1779555600,-5.9403e-06
1779559200,-1.06829e-05
1779562800,-3.3489e-06
1779566400,-2.8118e-06
1779570000,7.5424e-06
1779573600,-1.16387e-05
1779577200,3.9715e-06
1779580800,1.25e-05
1779584400,1.25e-05
1779588000,1.25e-05
1779591600,1.25e-05
1779595200,1.25e-05
1779598800,1.25e-05
1779602400,1.25e-05
1779606000,1.25e-05
1779609600,1.25e-05
1779613200,1.25e-05
1779616800,1.25e-05
1779620400,1.25e-05
1779624000,1.25e-05
1779627600,1.25e-05
1779631200,1.25e-05
1779634800,1.10095e-05
1779638400,7.8615e-06
1779642000,1.25e-05
1779645600,1.16573e-05
1779649200,1.02333e-05
1779652800,5.5839e-06
1779656400,1.8792e-06
1779660000,-4.949e-07
1779663600,3.7898e-06
1779667200,7.949e-07
1779670800,7.9412e-06
1779674400,4.3513e-06
1779678000,-1.2129e-05
1779681600,-1.33967e-05
1779685200,-1.25571e-05
1779688800,-7.995e-06
1779692400,-1.4655e-06
1779696000,5.6907e-06
1779699600,3.9994e-06
1779703200,5.7154e-06
1779706800,4.6124e-06
1779710400,4.7518e-06
1779714000,5.8387e-06
1779717600,5.1249e-06
1779721200,8.3695e-06
1779724800,1.25e-05
1779728400,1.25e-05
1779732000,1.25e-05
1779735600,1.25e-05
1779739200,1.20176e-05
1779742800,3.5391e-06
1779746400,-1.97e-06
1779750000,-3.0391e-06
1779753600,-4.141e-07
1779757200,1.25e-05
1779760800,1.25e-05
1779764400,1.25e-05
1779768000,1.25e-05
1779771600,1.25e-05
1779775200,1.25e-05
1779778800,1.25e-05
1779782400,1.25e-05
1779786000,1.25e-05
1779789600,1.25e-05
1779793200,1.25e-05
1779796800,1.25e-05
1779800400,1.09284e-05
1779804000,1.25e-05
1779807600,1.25e-05
1779811200,1.9111e-06
1779814800,-2.8865e-06
1779818400,1.5842e-06
1779822000,1.6629e-06
1779825600,-1.1642e-06
1779829200,5.2451e-06
1779832800,5.3362e-06
1779836400,-5.15e-07
1779840000,1.0863e-06
1779843600,5.8082e-06
1779847200,-1.1502e-06
1779850800,-2.5989e-06
1779854400,-1.3894e-06
1779858000,-2.8448e-06
1779861600,-4.454e-07
1779865200,7.8107e-06
1779868800,8.8345e-06
1779872400,1.14836e-05
1779876000,1.14639e-05
1779879600,1.25e-05
1779883200,1.25e-05
1779886800,1.25e-05
1779890400,1.25e-05
1779894000,1.25e-05
1779897600,1.25e-05
1779901200,1.25e-05
1779904800,1.25e-05
1779908400,5.6377e-06
1779912000,1.19693e-05
1779915600,1.25e-05
1779919200,2.4438e-06
1779922800,3.1739e-06
1779926400,2.6491e-06
1779930000,2.0654e-06
1779933600,2.0818e-06
1779937200,1.3243e-06
1779940800,-7.43e-08
1779944400,2.1261e-06
1779948000,-4.8359e-06
1779951600,-3.5206e-06
1779955200,-2.26e-06
1779958800,-5.1456e-06
1779962400,-6.8687e-06
1779966000,-4.9837e-06
1779969600,-2.5652e-06
1779973200,3.2298e-06
1779976800,8.1995e-06
1779980400,1.25e-05
1779984000,1.25e-05
1779987600,1.25e-05
1779991200,1.25e-05
1779994800,1.25e-05
1779998400,1.25e-05
1780002000,1.25e-05
1780005600,1.25e-05
1780009200,1.25e-05
1780012800,1.25e-05
1780016400,1.25e-05
1780020000,1.25e-05
1780023600,1.25e-05
1780027200,1.25e-05
1780030800,1.25e-05
1780034400,1.25e-05
1780038000,1.25e-05
1780041600,1.25e-05
1780045200,1.25e-05
1780048800,1.25e-05
1780052400,1.25e-05
1780056000,1.25e-05
1780059600,1.25e-05
1780063200,1.25e-05
1780066800,1.25e-05
1780070400,1.25e-05
1780074000,1.25e-05
1780077600,1.25e-05
1780081200,1.25e-05
1780084800,1.21204e-05
1780088400,1.25e-05
1780092000,1.25e-05
1780095600,1.25e-05
1780099200,1.25e-05
1780102800,1.25e-05
1780106400,1.25e-05
1780110000,1.25e-05
1780113600,1.25e-05
1780117200,1.25e-05
1780120800,1.25e-05
1780124400,1.25e-05
1780128000,1.01997e-05
1780131600,1.09734e-05
1780135200,5.9199e-06
1780138800,1.25e-05
1780142400,1.25e-05
1780146000,1.25e-05
1780149600,1.25e-05
1780153200,1.25e-05
1780156800,1.25e-05
1780160400,1.25e-05
1780164000,1.25e-05
1780167600,1.25e-05
1780171200,1.25e-05
1780174800,1.25e-05
1780178400,1.25e-05
1780182000,1.25e-05
1780185600,1.25e-05
1780189200,1.25e-05
1780192800,1.25e-05
1780196400,1.25e-05
1780200000,1.25e-05
1780203600,1.25e-05
1780207200,1.25e-05
1780210800,1.25e-05
1780214400,1.25e-05
1780218000,1.25e-05
1780221600,1.25e-05
1780225200,1.25e-05
1780228800,1.25e-05
1780232400,1.1584e-05
1780236000,1.18117e-05
1780239600,1.25e-05
1780243200,1.25e-05
1780246800,1.25e-05
1780250400,1.25e-05
1780254000,1.25e-05
1780257600,1.25e-05
1780261200,1.25e-05
1780264800,1.25e-05
1780268400,1.25e-05
1780272000,1.25e-05
1780275600,1.25e-05
1780279200,1.25e-05
1780282800,1.25e-05
1780286400,1.25e-05
1780290000,1.25e-05
1780293600,1.25e-05
1780297200,1.25e-05
1780300800,1.25e-05
1780304400,1.25e-05
1780308000,1.25e-05
1780311600,1.25e-05
1780315200,1.25e-05
1780318800,1.25e-05
1780322400,1.25e-05
1780326000,1.25e-05
1780329600,1.25e-05
1780333200,1.25e-05
1780336800,1.25e-05
1780340400,1.25e-05
1780344000,1.25e-05
1780347600,1.25e-05
1780351200,1.25e-05
1780354800,1.25e-05
1780358400,1.25e-05
1780362000,1.25e-05
1780365600,1.25e-05
1780369200,1.25e-05
1780372800,1.25e-05
1780376400,1.25e-05
1780380000,1.25e-05
1780383600,1.25e-05
1780387200,1.25e-05
1780390800,1.25e-05
1780394400,1.25e-05
1780398000,1.25e-05
1780401600,1.25e-05
1780405200,1.25e-05
1780408800,1.25e-05
1780412400,1.25e-05
1780416000,1.25e-05
1780419600,1.25e-05
1780423200,1.25e-05
1780426800,1.25e-05
1780430400,1.25e-05
1780434000,1.25e-05
1780437600,1.25e-05
1780441200,1.25e-05
1780444800,5.9141e-06
1780448400,7.3499e-06
1780452000,7.7065e-06
1780455600,1.25e-05
1780459200,1.25e-05
1780462800,1.25e-05
1780466400,1.25e-05
1780470000,1.25e-05
1780473600,1.25e-05
1780477200,1.25e-05
1780480800,1.25e-05
1780484400,1.25e-05
1780488000,1.14352e-05
1780491600,2.3936e-06
1780495200,-1.5079e-06
1780498800,-5.3755e-06
1780502400,-3.193e-07
1780506000,-6.3437e-06
1780509600,2.1289e-06
1780513200,5.2499e-06
1780516800,-1.2845e-06
1780520400,-1.6282e-06
1780524000,1.25e-05
1780527600,1.25e-05
1780531200,1.25e-05
1780534800,1.25e-05
1780538400,7.1128e-06
1780542000,6.0418e-06
1780545600,1.25e-05
1780549200,1.25e-05
1780552800,4.7513e-06
1780556400,1.25e-05
1780560000,3.9125e-06
1780563600,3.4205e-06
1780567200,2.6012e-06
1780570800,3.6851e-06
1780574400,9.6865e-06
1780578000,1.25e-05
1780581600,1.25e-05
1780585200,1.25e-05
1780588800,1.25e-05
1780592400,1.25e-05
1780596000,1.14149e-05
1780599600,1.13358e-05
1780603200,1.25e-05
1780606800,1.25e-05
1780610400,1.25e-05
1780614000,1.25e-05
1780617600,1.25e-05
1780621200,1.25e-05
1780624800,8.0418e-06
1780628400,3.2416e-06
1780632000,1.11705e-05
1780635600,1.12037e-05
1780639200,7.051e-06
1780642800,-8.1077e-06
1780646400,-1.0971e-06
1780650000,-5.0458e-06
1780653600,3.5247e-06
1780657200,5.8843e-06
1780660800,-4.7315e-06
1780664400,-1.28178e-05
1780668000,-5.722e-06
1780671600,-1.08185e-05
1780675200,-2.47718e-05
1780678800,-5.4882e-06
1780682400,7.2521e-06
1780686000,-1.9087e-06
1780689600,-1.5758e-06
1780693200,1.02083e-05
1780696800,1.25e-05
1780700400,1.25e-05
1780704000,4.92e-07
1780707600,5.8667e-06
1780711200,1.8306e-06
1780714800,-2.8776e-06
1780718400,-9.3675e-06
1780722000,-2.71947e-05
1780725600,-1.867e-07
1780729200,3.8433e-06
1780732800,5.4075e-06
1780736400,1.16347e-05
1780740000,9.2511e-06
1780743600,-4.3464e-06
1780747200,2.8261e-06
1780750800,-9.63e-07
1780754400,2.2177e-06
1780758000,1.25e-05
1780761600,6.6184e-06
1780765200,8.2464e-06
1780768800,3.4112e-06
1780772400,1.273e-06
1780776000,8.1127e-06
1780779600,-2.7918e-06
1780783200,2.2241e-06
1780786800,-4.2415e-06
1780790400,-5.1316e-06
1780794000,7.165e-06
1780797600,8.684e-06
1780801200,2.7363e-06
1780804800,3.9934e-06
1780808400,5.2478e-06
1780812000,6.5601e-06
1780815600,2.3682e-06
1780819200,-7.0147e-06
1780822800,4.2334e-06
1780826400,-3.3294e-06
1780830000,1.1729e-06
1780833600,1.25e-05
1780837200,1.20011e-05
1780840800,1.2695e-06
1780844400,1.25e-05
1780848000,7.8831e-06
1780851600,3.4298e-06
1780855200,-7.0618e-06
1780858800,-1.57455e-05
1780862400,-2.43038e-05
1780866000,-8.8417e-06
1780869600,-1.18605e-05
1780873200,4.6584e-06
1780876800,1.02504e-05
1780880400,1.25e-05
1780884000,7.33e-08
1780887600,-1.8229e-06
1780891200,-6.508e-06
1780894800,-1.09599e-05
1780898400,-1.14098e-05
1780902000,-4.3283e-06
1780905600,7.5518e-06
1780909200,5.8256e-06
1780912800,5.065e-06
1780916400,7.8147e-06
1780920000,1.25e-05
1780923600,1.20314e-05
1780927200,1.25e-05
1780930800,5.9973e-06
1780934400,1.13354e-05
1780938000,3.517e-06
1780941600,-1.70555e-05
1780945200,-1.78302e-05
1780948800,-1.73501e-05
1780952400,-2.41189e-05
1780956000,-3.2735e-06
1780959600,-7.8944e-06
1780963200,-1.79167e-05
1780966800,-6.9121e-06
1780970400,3.082e-06
1780974000,6.0478e-06
1780977600,8.3477e-06
1780981200,1.25e-05
1780984800,1.14485e-05
1780988400,1.25e-05
1780992000,1.1359e-05
1780995600,6.9495e-06
1780999200,3.4915e-06
1781002800,1.08876e-05
1781006400,1.25e-05
1781010000,1.25e-05
1781013600,9.9819e-06
1781017200,4.9635e-06
1781020800,1.04742e-05
1781024400,-6.3941e-06
1781028000,-6.1622e-06
1781031600,-4.5709e-06
1781035200,-6.6482e-06
1781038800,-1.8526e-06
1781042400,-4.6804e-06
1781046000,-8.6468e-06
1781049600,-1.36787e-05
1781053200,-1.50886e-05
1781056800,-1.74948e-05
1781060400,-1.99699e-05
1781064000,-1.15266e-05
1781067600,4.2441e-06
1781071200,-9.9761e-06
1781074800,-7.5776e-06
1781078400,-1.3777e-06
1781082000,-2.191e-06
1781085600,-1.10204e-05
1781089200,-3.5585e-06
1781092800,-5.8959e-06
1781096400,9.5383e-06
1781100000,8.5866e-06
1781103600,-9.336e-07
1781107200,-1.5605e-06
1781110800,-1.30831e-05
1781114400,-1.08403e-05
1781118000,-4.4066e-06
1781121600,9.299e-07
1781125200,1.09547e-05
1781128800,6.437e-06
1781132400,-2.5598e-06
1781136000,-3.6202e-06
1781139600,7.6924e-06
1781143200,1.13406e-05
1781146800,6.2499e-06
1781150400,6.6335e-06
1781154000,-2.136e-06
1781157600,-1.0507e-05
1781161200,-9.1788e-06
1781164800,-2.1175e-06
1781168400,5.4267e-06
1781172000,6.423e-06
1781175600,2.0535e-06
1781179200,5.7048e-06
1781182800,-4.9477e-06
1781186400,4.2901e-06
1781190000,1.12534e-05
1781193600,6.4763e-06
1781197200,2.3496e-06
1781200800,7.8099e-06
1781204400,9.4438e-06
1781208000,-7.1215e-06
1781211600,-7.5287e-06
1781215200,1.7239e-06
1781218800,2.4414e-06
1781222400,3.6581e-06
1781226000,4.762e-06
1781229600,-5.816e-07
1781233200,-3.3835e-06
1781236800,-8.8673e-06
1781240400,-3.2713e-06
1781244000,-3.9613e-06
1781247600,-8.5684e-06
1781251200,-1.16952e-05
1781254800,-5.3667e-06
1781258400,5.49e-07
1781262000,4.0591e-06
1781265600,6.2373e-06
1781269200,3.7962e-06
1781272800,4.4794e-06
1781276400,1.25e-05
1781280000,-8.1594e-06
1781283600,-1.755e-06
1781287200,-8.9585e-06
1781290800,2.7685e-06
1781294400,1.13532e-05
1781298000,-1.1047e-06
1781301600,7.3994e-06
1781305200,6.677e-06
1781308800,8.6667e-06
1781312400,1.10158e-05
1781316000,1.18426e-05
1781319600,1.25e-05
1781323200,1.14382e-05
1781326800,1.21367e-05
1781330400,1.23035e-05
1781334000,1.25e-05
1781337600,1.25e-05
1781341200,8.8795e-06
1781344800,8.6446e-06
1781348400,1.25e-05
1781352000,1.25e-05
1781355600,1.25e-05
1781359200,1.25e-05
1781362800,1.25e-05
1781366400,1.25e-05
1781370000,1.03118e-05
1781373600,1.25e-05
1781377200,1.25e-05
1781380800,5.0756e-06
1781384400,3.0591e-06
1781388000,1.15217e-05
1781391600,7.3841e-06
1781395200,6.6912e-06
1781398800,1.25e-05
1781402400,1.25e-05
1781406000,1.25e-05
1781409600,1.25e-05
1781413200,1.15768e-05
1781416800,1.25e-05
1781420400,1.25e-05
1781424000,7.9079e-06
1781427600,1.25e-05
1781431200,1.21475e-05
1781434800,1.25e-05
1781438400,1.25e-05
1781442000,1.25e-05
1781445600,1.16094e-05
1781449200,1.25e-05
1781452800,1.25e-05
1781456400,1.25e-05
1781460000,1.25e-05
1781463600,1.25e-05
1781467200,1.25e-05
1781470800,1.25e-05
1781474400,1.25e-05
1781478000,1.25e-05
1781481600,1.25e-05
1781485200,1.25e-05
1781488800,1.25e-05
1781492400,1.25e-05
1781496000,1.25e-05
1781499600,1.25e-05
1781503200,1.25e-05
1781506800,1.25e-05
1781510400,1.25e-05
1781514000,1.25e-05
1781517600,1.25e-05
1781521200,1.25e-05
1781524800,1.25e-05
1781528400,1.25e-05
1781532000,1.25e-05
1781535600,1.25e-05
1781539200,1.25e-05
1781542800,1.25e-05
1781546400,1.25e-05
1781550000,1.25e-05
1781553600,1.24591e-05
1781557200,1.25e-05
1781560800,1.25e-05
1781564400,1.25e-05
1781568000,1.25e-05
1781571600,1.25e-05
1781575200,1.25e-05
1781578800,6.651e-06
1781582400,1.5425e-06
1781586000,2.9891e-06
1781589600,1.14604e-05
1781593200,1.25e-05
1781596800,1.25e-05
1781600400,1.25e-05
1781604000,1.25e-05
1781607600,1.25e-05
1781611200,1.25e-05
1781614800,1.25e-05
1781618400,1.25e-05
1781622000,1.25e-05
1781625600,1.25e-05
1781629200,1.25e-05
1781632800,1.25e-05
1781636400,1.25e-05
1781640000,1.25e-05
1781643600,1.25e-05
1781647200,1.25e-05
1781650800,1.25e-05
1781654400,1.25e-05
1781658000,1.25e-05
1781661600,1.25e-05
1781665200,1.25e-05
1781668800,1.25e-05
1781672400,1.25e-05
1781676000,1.25e-05
1781679600,1.25e-05
1781683200,1.25e-05
1781686800,1.25e-05
1781690400,1.25e-05
1781694000,1.25e-05
1781697600,1.25e-05
1781701200,1.25e-05
1781704800,1.25e-05
1781708400,1.25e-05
1781712000,1.25e-05
1781715600,1.25e-05
1781719200,1.25e-05
1781722800,6.6447e-06
1781726400,9.006e-07
1781730000,7.629e-06
1781733600,7.4881e-06
1781737200,1.25e-05
1781740800,1.25e-05
1781744400,1.25e-05
1781748000,1.25e-05
1781751600,1.25e-05
1781755200,1.25e-05
1781758800,5.5256e-06
1781762400,5.835e-06
1781766000,1.25e-05
1781769600,1.25e-05
1781773200,1.25e-05
1781776800,1.25e-05
1781780400,1.25e-05
1781784000,1.25e-05
1781787600,1.25e-05
1781791200,1.25e-05
1781794800,1.25e-05
1781798400,1.25e-05
1781802000,1.25e-05
1781805600,1.25e-05
1781809200,1.25e-05
1781812800,1.25e-05
1781816400,1.25e-05
1781820000,1.25e-05
1781823600,1.25e-05
1781827200,1.25e-05
1781830800,1.25e-05
1781834400,1.25e-05
1781838000,1.25e-05
1781841600,1.25e-05
1781845200,1.25e-05
1781848800,1.25e-05
1781852400,1.25e-05
1781856000,1.25e-05
1781859600,1.25e-05
1781863200,1.25e-05
1781866800,1.25e-05
1781870400,1.25e-05
1781874000,1.25e-05
1781877600,1.25e-05
1781881200,1.25e-05
1781884800,1.25e-05
1781888400,1.25e-05
1781892000,1.25e-05
1781895600,1.25e-05
1781899200,1.25e-05
1781902800,1.25e-05
1781906400,1.25e-05
1781910000,1.25e-05
1781913600,1.25e-05
1781917200,1.25e-05
1781920800,1.25e-05
1781924400,1.25e-05
1781928000,1.25e-05
1781931600,1.25e-05
1781935200,1.25e-05
1781938800,1.25e-05
1781942400,1.25e-05
1781946000,1.25e-05
1781949600,1.25e-05
1781953200,1.25e-05
1781956800,1.25e-05
1781960400,1.25e-05
1781964000,1.25e-05
1781967600,1.25e-05
1781971200,1.25e-05
1781974800,1.25e-05
1781978400,1.10767e-05
1781982000,1.25e-05
1781985600,1.25e-05
1781989200,1.25e-05
1781992800,1.25e-05
1781996400,1.25e-05
1782000000,1.25e-05
1782003600,1.25e-05
1782007200,1.05257e-05
1782010800,1.25e-05
1782014400,8.7979e-06
1782018000,1.09329e-05
1782021600,8.2982e-06
1782025200,3.4556e-06
1782028800,1.5903e-06
1782032400,3.2751e-06
1782036000,7.5956e-06
1782039600,7.338e-07
1782043200,5.3792e-06
1782046800,-3.1585e-06
1782050400,-6.3084e-06
1782054000,-5.3021e-06
1782057600,-4.9221e-06
1782061200,-9.6037e-06
1782064800,1.623e-07
1782068400,-3.3173e-06
1782072000,-5.3679e-06
1782075600,-8.9322e-06
1782079200,-5.7331e-06
1782082800,1.25e-05
1782086400,1.25e-05
1782090000,1.25e-05
1782093600,9.7771e-06
1782097200,1.25e-05
1782100800,1.25e-05
1782104400,1.12808e-05
1782108000,1.25e-05
1782111600,1.25e-05
1782115200,1.25e-05
1782118800,1.25e-05
1782122400,1.25e-05
1782126000,1.25e-05
1782129600,1.25e-05
1782133200,1.25e-05
1782136800,3.414e-07
1782140400,3.3801e-06
1782144000,-1.6105e-06
1782147600,-7.935e-07
1782151200,8.6721e-06
1782154800,4.1513e-06
1782158400,1.25e-05
1782162000,1.25e-05
1782165600,3.581e-06
1782169200,1.25e-05
1782172800,1.25e-05
1782176400,1.25e-05
1782180000,1.25e-05
1782183600,1.25e-05
1782187200,1.25e-05
1782190800,1.13041e-05
1782194400,7.4056e-06
1782198000,9.0404e-06
1782201600,-5.3335e-06
1782205200,-3.48251e-05
1782208800,-2.62625e-05
1782212400,-1.91916e-05
1782216000,-1.69876e-05
1782219600,-1.51899e-05
1782223200,-1.15094e-05
1782226800,-2.1149e-06
1782230400,-3.5889e-06
1782234000,8.1337e-06
1782237600,1.0346e-06
1782241200,8.52e-07
1782244800,1.572e-06
1782248400,2.9656e-06
1782252000,5.3635e-06
1782255600,6.5466e-06
1782259200,-1.8582e-06
1782262800,9.2555e-06
1782266400,1.23277e-05
1782270000,5.73e-07
1782273600,3.4771e-06
1782277200,1.25e-05
1782280800,1.25e-05
1782284400,1.25e-05
1782288000,2.6033e-06
1782291600,-2.6914e-06
1782295200,1.8146e-06
1782298800,1.25e-05
1782302400,1.25e-05
1782306000,3.031e-06
1782309600,-1.7503e-06
1782313200,5.847e-06
1782316800,-2.0851e-06
1782320400,-3.7794e-06
1782324000,-2.60248e-05
1782327600,-2.25859e-05
1782331200,-1.97808e-05
1782334800,-5.4156e-06
1782338400,-2.6181e-06
1782342000,-2.1975e-06
1782345600,-4.2445e-06
1782349200,-6.9104e-06
1782352800,-3.5738e-06
1782356400,7.726e-07
1782360000,3.178e-07
1782363600,-7.07e-07
1782367200,7.116e-07
1782370800,8.113e-07
1782374400,1.1437e-06
1782378000,-8.43e-07
1782381600,2.2321e-06
1782385200,-5.9402e-06
1782388800,-9.0033e-06
1782392400,-9.8123e-06
1782396000,-1.49211e-05
1782399600,-2.22049e-05
1782403200,-1.79692e-05
1782406800,-1.62338e-05
1782410400,-1.05946e-05
1782414000,-1.38986e-05
1782417600,-1.59723e-05
1782421200,-2.06327e-05
1782424800,-1.38042e-05
1782428400,-1.96542e-05
1782432000,-2.12831e-05
1782435600,-1.43859e-05
1782439200,-1.99874e-05
1782442800,-2.43502e-05
1782446400,-3.00466e-05
1782450000,-2.45005e-05
1782453600,-1.96846e-05
1782457200,-1.49914e-05
1782460800,-1.4448e-05
1782464400,-1.32264e-05
1782468000,-4.7243e-06
1782471600,-1.23862e-05
1782475200,-1.964e-06
1782478800,-9.6944e-06
1782482400,-2.32316e-05
1782486000,-1.53456e-05
1782489600,-7.989e-06
1782493200,-5.7469e-06
1782496800,-7.8369e-06
1782500400,-6.3656e-06
1782504000,-8.5775e-06
1782507600,-1.2123e-05
1782511200,-1.636e-05
1782514800,-1.12022e-05
1782518400,-6.6975e-06
1782522000,-1.08376e-05
1782525600,-8.2478e-06
1782529200,-1.19033e-05
1782532800,-1.10416e-05
1782536400,-1.33944e-05
1782540000,-1.43544e-05
1782543600,-1.31608e-05
1782547200,-9.9203e-06
1782550800,-1.69614e-05
1782554400,-5.755e-06
1782558000,-1.40044e-05
1782561600,-7.6073e-06
1782565200,-5.8068e-06
1782568800,-4.9109e-06
1782572400,-4.0755e-06
1782576000,-9.5731e-06
1782579600,-7.8468e-06
1782583200,-2.4557e-06
1782586800,1.3513e-06
1782590400,-2.1451e-06
1782594000,-5.9198e-06
1782597600,-6.1176e-06
1782601200,-9.1201e-06
1782604800,-7.6572e-06
1782608400,-1.53572e-05
1782612000,-8.0342e-06
1782615600,-6.611e-06
1782619200,-1.00894e-05
1782622800,-1.18202e-05
1782626400,-1.26849e-05
1782630000,-9.8101e-06
1782633600,-9.8448e-06
1782637200,-1.46394e-05
1782640800,-9.8128e-06
1782644400,-8.0921e-06
1782648000,-8.9058e-06
1782651600,-9.8531e-06
1782655200,-1.28253e-05
1782658800,-1.05476e-05
1782662400,-1.15682e-05
1782666000,-1.41062e-05
1782669600,-5.5028e-06
1782673200,-5.177e-06
1782676800,-1.47729e-05
1782680400,-1.1649e-05
1782684000,-1.39037e-05
1782687600,-1.42056e-05
1782691200,-1.19565e-05
1782694800,-1.70968e-05
1782698400,-1.9383e-05
1782702000,-1.76717e-05
1782705600,-1.25765e-05
1782709200,-1.50089e-05
1782712800,-1.26492e-05
1782716400,-8.2811e-06
1782720000,-1.2997e-06
1782723600,3.2697e-06
1782727200,3.9441e-06
1782730800,2.252e-07
1782734400,3.569e-06
1782738000,2.1846e-06
1782741600,9.59e-07
1782745200,4.9397e-06
1782748800,-4.5371e-06
1782752400,-2.212e-06
1782756000,6.9564e-06
1782759600,7.2273e-06
1782763200,1.03509e-05
1782766800,1.25e-05
1782770400,1.0276e-05
1782774000,1.11745e-05
1782777600,4.4522e-06
1782781200,6.904e-06
1782784800,-2.9436e-06
1782788400,1.5268e-06
1782792000,2.402e-07
1782795600,9.829e-06
1782799200,4.4243e-06
1782802800,5.663e-07
1782806400,8.278e-07
1782810000,1.1567e-06
1782813600,5.2148e-06
1782817200,1.00778e-05
1782820800,2.4256e-06
1782824400,-7.0623e-06
1782828000,5.7739e-06
1782831600,1.06495e-05
1782835200,1.03661e-05
1782838800,5.6351e-06
1782842400,1.25e-05
1782846000,1.17812e-05
1782849600,1.25e-05
1782853200,1.25e-05
1782856800,9.8168e-06
1782860400,9.982e-06
1782864000,1.25e-05
1782867600,9.4195e-06
1782871200,7.8637e-06
1782874800,1.7136e-06
1782878400,1.25e-05
1782882000,1.25e-05
1782885600,1.25e-05
1782889200,1.25e-05
1782892800,1.25e-05
1782896400,1.25e-05
1782900000,9.2477e-06
1782903600,3.8506e-06
1782907200,4.6188e-06
1782910800,3.9375e-06
1782914400,5.1685e-06
1782918000,4.0521e-06
1782921600,9.3258e-06
1782925200,9.0097e-06
1782928800,1.23549e-05
1782932400,1.01976e-05
1782936000,1.25e-05
1782939600,9.4571e-06
1782943200,1.04111e-05
1782946800,9.1878e-06
1782950400,7.2625e-06
1782954000,1.25e-05
1782957600,1.25e-05
1782961200,1.25e-05
1782964800,1.25e-05
1782968400,1.25e-05
1782972000,1.25e-05
1782975600,1.25e-05
1782979200,1.25e-05
1782982800,1.25e-05
1782986400,1.25e-05
1782990000,1.25e-05
1782993600,1.25e-05
1782997200,1.25e-05
1783000800,1.25e-05
1783004400,1.25e-05
1783008000,1.25e-05
1783011600,1.25e-05
1783015200,1.25e-05
1783018800,1.25e-05
1783022400,1.25e-05
1783026000,1.25e-05
1783029600,1.25e-05
1783033200,1.25e-05
1783036800,1.25e-05
1783040400,1.25e-05
1783044000,1.25e-05
1783047600,1.25e-05
1783051200,1.25e-05
1783054800,1.25e-05
1783058400,1.25e-05
1783062000,1.25e-05
1783065600,1.25e-05
1783069200,1.25e-05
1783072800,1.25e-05
1783076400,1.25e-05
1783080000,1.25e-05
1783083600,1.25e-05
1783087200,1.25e-05
1783090800,1.25e-05
1783094400,1.25e-05
1783098000,1.25e-05
1783101600,1.25e-05
1783105200,1.25e-05
1783108800,1.25e-05
1783112400,1.25e-05
1783116000,1.25e-05
1783119600,1.25e-05
1783123200,1.25e-05
1783126800,1.25e-05
1783130400,1.25e-05
1783134000,1.25e-05
1783137600,1.25e-05
1783141200,1.25e-05
1783144800,1.25e-05
1783148400,1.25e-05
1783152000,1.25e-05
1783155600,1.25e-05
1783159200,1.25e-05
1783162800,1.25e-05
1783166400,1.25e-05
1783170000,1.25e-05
1783173600,1.25e-05
1783177200,1.25e-05
1783180800,1.25e-05
1783184400,1.25e-05
1783188000,1.25e-05
1783191600,1.25e-05
1783195200,1.25e-05
1783198800,1.25e-05
1783202400,1.25e-05
1783206000,1.25e-05
1783209600,1.25e-05
1783213200,1.25e-05
1783216800,1.25e-05
1783220400,1.25e-05
1783224000,1.25e-05
1783227600,1.25e-05
1783231200,1.25e-05
1783234800,1.25e-05
1783238400,1.25e-05
1783242000,1.25e-05
1783245600,1.25e-05
1783249200,1.25e-05
1783252800,1.25e-05
1783256400,1.25e-05
1783260000,1.25e-05
1783263600,1.25e-05
1783267200,1.25e-05
1783270800,1.25e-05
1783274400,1.25e-05
1783278000,1.25e-05
1783281600,1.25e-05
1783285200,1.25e-05
1783288800,1.25e-05
1783292400,1.25e-05
1783296000,1.25e-05
1783299600,1.25e-05
1783303200,1.25e-05
1783306800,1.25e-05
1783310400,1.25e-05
1783314000,1.25e-05
1783317600,1.25e-05
1783321200,1.25e-05
1783324800,1.25e-05
1783328400,1.25e-05
1783332000,1.25e-05
1783335600,1.25e-05
1783339200,1.25e-05
1783342800,1.25e-05
1783346400,1.25e-05
1783350000,1.25e-05
1783353600,1.25e-05
1783357200,1.25e-05
1783360800,1.25e-05
1783364400,1.25e-05
1783368000,1.25e-05
1783371600,1.25e-05
1783375200,1.25e-05
1783378800,1.25e-05
1783382400,1.25e-05
1783386000,1.25e-05
1783389600,1.25e-05
1783393200,1.25e-05
1783396800,1.25e-05
1783400400,1.25e-05
1783404000,1.25e-05
1783407600,1.25e-05
1783411200,1.25e-05
1783414800,1.25e-05
1783418400,1.25e-05
1783422000,1.25e-05
1783425600,1.25e-05
1783429200,1.25e-05
1783432800,1.25e-05
1783436400,1.25e-05
1783440000,1.25e-05
1783443600,1.25e-05
1783447200,1.25e-05
1783450800,1.25e-05
1783454400,1.25e-05
1783458000,1.25e-05
1783461600,1.25e-05
1783465200,1.25e-05
1783468800,1.25e-05
1783472400,1.25e-05
1783476000,1.25e-05
1783479600,1.25e-05
1783483200,1.25e-05
1783486800,1.25e-05
1783490400,1.25e-05
1783494000,1.25e-05
1783497600,1.25e-05
1783501200,1.25e-05
1783504800,1.25e-05
1783508400,1.25e-05
1783512000,1.25e-05
1783515600,1.25e-05
1783519200,1.25e-05
1783522800,1.25e-05
1783526400,1.25e-05
1783530000,1.25e-05
1783533600,1.25e-05
1783537200,1.25e-05
1783540800,1.25e-05
1783544400,1.25e-05
1783548000,1.25e-05
1783551600,1.25e-05
1783555200,1.25e-05
1783558800,1.25e-05
1783562400,1.25e-05
1783566000,1.25e-05
1783569600,1.25e-05
1783573200,1.25e-05
1783576800,1.25e-05
1783580400,1.25e-05
1783584000,1.25e-05
1783587600,1.25e-05
1783591200,1.25e-05
1783594800,1.25e-05
1783598400,1.25e-05
1783602000,1.25e-05
1783605600,1.25e-05
1783609200,1.25e-05
1783612800,1.25e-05
1783616400,1.25e-05
1783620000,1.25e-05
1783623600,1.25e-05
1783627200,1.25e-05
1783630800,1.25e-05
1783634400,1.25e-05
1783638000,1.25e-05
1783641600,1.25e-05
1783645200,1.25e-05
1783648800,1.25e-05
1783652400,1.25e-05
1783656000,1.25e-05
1783659600,1.25e-05
1783663200,1.25e-05
1783666800,1.25e-05
1783670400,1.25e-05
1783674000,1.25e-05
1783677600,1.25e-05
1783681200,1.25e-05
1783684800,1.25e-05
1783688400,1.25e-05
1783692000,1.25e-05
1783695600,1.25e-05
1783699200,1.25e-05
1783702800,1.25e-05
1783706400,1.25e-05
1783710000,1.25e-05
1783713600,1.25e-05
1783717200,1.25e-05
1783720800,1.25e-05
1783724400,1.25e-05
1783728000,1.25e-05
1783731600,1.25e-05
1783735200,1.25e-05
1783738800,1.25e-05
1783742400,1.25e-05
1783746000,1.25e-05
1783749600,1.25e-05
1783753200,1.25e-05
1783756800,1.25e-05
1783760400,1.25e-05
1783764000,1.25e-05
1783767600,1.25e-05
1783771200,1.25e-05
1783774800,1.14152e-05
1783778400,1.25e-05
1783782000,1.25e-05
1783785600,1.25e-05
1783789200,1.25e-05
1783792800,1.25e-05
1783796400,1.25e-05
1783800000,1.25e-05
1783803600,1.25e-05
1783807200,1.25e-05
1783810800,1.25e-05
1783814400,1.25e-05
1783818000,1.25e-05
1783821600,1.25e-05
1783825200,1.25e-05
1783828800,1.25e-05
1783832400,1.25e-05
1783836000,1.25e-05
1783839600,1.25e-05
1783843200,1.25e-05
1783846800,1.25e-05
1783850400,1.25e-05
1783854000,1.25e-05
1783857600,1.25e-05
1783861200,1.25e-05
1783864800,1.25e-05
1783868400,1.25e-05
1783872000,1.25e-05
1783875600,1.25e-05
1783879200,1.25e-05
1783882800,1.25e-05
1783886400,1.25e-05
1783890000,1.25e-05
1783893600,1.25e-05
1783897200,1.25e-05
1783900800,1.25e-05
1783904400,1.25e-05
1783908000,1.25e-05
1783911600,1.25e-05
1783915200,1.25e-05
1783918800,1.25e-05
1783922400,1.25e-05
1783926000,1.25e-05
1783929600,1.25e-05
1783933200,1.25e-05
1783936800,1.25e-05
1783940400,1.25e-05
1783944000,1.25e-05
1783947600,1.25e-05
1783951200,1.25e-05
1783954800,1.25e-05
1783958400,1.25e-05
1783962000,1.25e-05
1783965600,1.25e-05
1783969200,1.25e-05
1783972800,1.25e-05
1783976400,1.25e-05
1783980000,1.25e-05
1783983600,1.25e-05
1783987200,1.25e-05
1783990800,1.25e-05
1783994400,1.25e-05
1783998000,1.25e-05
1784001600,1.25e-05
1784005200,1.25e-05
1784008800,1.25e-05
1784012400,1.25e-05
1784016000,1.25e-05
1784019600,1.25e-05
1784023200,1.25e-05
1784026800,1.25e-05
1784030400,1.25e-05
1784034000,1.25e-05
1784037600,1.25e-05
1784041200,1.25e-05
1784044800,1.25e-05
1784048400,1.25e-05
1784052000,1.25e-05
1784055600,1.25e-05
1784059200,1.25e-05
1784062800,1.25e-05
1784066400,1.25e-05
1784070000,1.25e-05
1784073600,1.25e-05
1784077200,1.25e-05
1784080800,1.25e-05
1784084400,1.25e-05
1784088000,1.25e-05
1784091600,1.25e-05
1784095200,1.25e-05
1784098800,1.25e-05
1784102400,1.25e-05
1784106000,1.25e-05
1784109600,1.25e-05
1784113200,1.25e-05
1784116800,1.25e-05
1784120400,1.25e-05
1784124000,1.25e-05
1784127600,1.25e-05
1784131200,1.25e-05
1784134800,1.25e-05
1784138400,1.25e-05
1784142000,1.25e-05
1784145600,1.25e-05
1784149200,1.25e-05
1784152800,1.25e-05
1784156400,1.25e-05
1784160000,1.25e-05
1784163600,1.25e-05
1784167200,1.25e-05
1784170800,1.25e-05
1784174400,1.25e-05
1784178000,1.25e-05
1784181600,1.25e-05
1784185200,1.25e-05
1784188800,1.25e-05
1784192400,1.25e-05
1784196000,1.25e-05
1784199600,1.25e-05
1784203200,1.25e-05
1784206800,1.25e-05
1784210400,1.25e-05
1784214000,1.25e-05
1784217600,1.25e-05
1784221200,1.25e-05
1784224800,1.25e-05
1784228400,1.25e-05
1784232000,1.25e-05
1784235600,1.25e-05
1784239200,1.25e-05
1784242800,1.25e-05
1784246400,1.25e-05
1784250000,1.25e-05
1784253600,1.25e-05
1784257200,1.25e-05
1784260800,1.25e-05
1784264400,1.25e-05
1784268000,1.25e-05
1784271600,1.25e-05
1784275200,1.25e-05
1784278800,1.25e-05
1784282400,1.25e-05
1784286000,1.25e-05
1784289600,1.25e-05
1784293200,1.25e-05
1784296800,1.25e-05
1784300400,1.25e-05
1784304000,1.25e-05
1784307600,1.25e-05
1784311200,1.25e-05
1784314800,1.25e-05
1784318400,1.25e-05
1784322000,1.25e-05
1784325600,1.25e-05
1784329200,1.25e-05
1784332800,1.25e-05
1784336400,1.25e-05
1784340000,1.25e-05
1784343600,1.25e-05
1784347200,1.25e-05
1784350800,1.25e-05
1784354400,1.25e-05
1784358000,1.25e-05
1784361600,1.25e-05
1784365200,1.25e-05
1784368800,1.25e-05
1784372400,1.25e-05
1784376000,1.25e-05
1784379600,1.25e-05
1784383200,1.25e-05
1784386800,1.25e-05
1784390400,1.25e-05
1784394000,1.25e-05
1784397600,1.25e-05
1784401200,1.25e-05
1784404800,1.25e-05
1784408400,1.25e-05
1784412000,1.25e-05
1784415600,1.25e-05
1784419200,1.25e-05
1784422800,1.25e-05
1784426400,1.25e-05
1784430000,1.25e-05
1784433600,1.25e-05
1784437200,1.25e-05
1784440800,1.25e-05
1784444400,1.25e-05
1784448000,1.25e-05
1784451600,1.25e-05
1784455200,1.25e-05
1784458800,1.25e-05
1784462400,1.25e-05
1784466000,1.25e-05
1784469600,1.25e-05
1784473200,1.25e-05
1784476800,1.25e-05
1784480400,1.25e-05
1784484000,1.25e-05
1784487600,1.25e-05
1784491200,1.25e-05
1784494800,1.25e-05
1784498400,1.25e-05
1784502000,1.25e-05
1784505600,1.25e-05
1784509200,1.25e-05
1784512800,1.25e-05
1784516400,1.25e-05
1784520000,1.25e-05
1784523600,1.25e-05
1784527200,1.25e-05
1784530800,1.25e-05
1784534400,1.25e-05
1784538000,1.25e-05
1784541600,1.25e-05
1784545200,1.25e-05
1784548800,1.25e-05
1784552400,1.25e-05
1784556000,1.25e-05
1784559600,1.25e-05
1784563200,1.25e-05
1784566800,1.25e-05
1784570400,1.25e-05
1784574000,1.25e-05
1784577600,1.25e-05
1784581200,1.25e-05
1784584800,1.25e-05
1784588400,1.25e-05
1784592000,1.25e-05
1784595600,1.25e-05
1784599200,1.25e-05
1784602800,1.25e-05
1784606400,1.25e-05
1784610000,1.25e-05
1784613600,1.25e-05
1784617200,1.25e-05
1784620800,1.25e-05
1784624400,1.25e-05
1784628000,1.25e-05
1784631600,1.25e-05
1784635200,1.25e-05
1784638800,1.25e-05
1784642400,1.25e-05
1784646000,1.25e-05
1784649600,1.25e-05
1784653200,1.25e-05
1784656800,1.25e-05
1784660400,1.25e-05
1784664000,1.25e-05
1784667600,1.25e-05
1784671200,1.25e-05
1784674800,1.25e-05
1784678400,1.25e-05
1784682000,1.25e-05
1784685600,1.25e-05
1784689200,1.25e-05
1784692800,1.25e-05
1784696400,1.25e-05
1784700000,1.25e-05
1784703600,1.25e-05
1784707200,1.25e-05
1784710800,1.25e-05
1784714400,1.25e-05
1784718000,1.25e-05
1784721600,1.25e-05
1784725200,1.25e-05
1784728800,1.25e-05
1784732400,1.25e-05
1784736000,1.25e-05
1784739600,1.25e-05
1784743200,1.25e-05
1784746800,1.25e-05
1784750400,3.308e-07
1784754000,8.1863e-06
1784757600,-6.683e-07
1784761200,6.0959e-06
1784764800,1.25e-05
1784768400,1.25e-05
1784772000,1.25e-05
1784775600,1.25e-05
1784779200,1.25e-05
1784782800,1.25e-05
1784786400,1.1966e-05
1784790000,1.25e-05
1784793600,1.25e-05
1784797200,1.25e-05
1784800800,1.25e-05
1784804400,1.25e-05
1784808000,1.25e-05
1784811600,1.11195e-05
1784815200,1.17603e-05
1784818800,1.25e-05
1784822400,9.4575e-06
1784826000,1.25e-05
1784829600,1.25e-05
1784833200,1.25e-05
1784836800,1.25e-05
1784840400,1.25e-05
1784844000,7.5268e-06
1784847600,1.24277e-05
1784851200,1.25e-05
1784854800,1.25e-05
1784858400,1.25e-05
1784862000,1.25e-05
1784865600,1.25e-05
1784869200,1.25e-05
1784872800,1.25e-05
1784876400,1.22549e-05
1784880000,1.1676e-05
1784883600,6.2049e-06
1784887200,1.25e-05
1784890800,1.25e-05
1784894400,1.25e-05
1784898000,1.25e-05
1784901600,8.4653e-06
1784905200,1.25e-05
1784908800,1.25e-05
1784912400,1.25e-05
1784916000,1.25e-05
1784919600,1.25e-05
1784923200,1.25e-05
1784926800,5.5543e-06
1784930400,3.3993e-06
1784934000,8.3743e-06
1784937600,8.6357e-06
1784941200,4.7874e-06
1784944800,2.8746e-06
1784948400,2.7752e-06
1784952000,4.2245e-06
1784955600,7.5578e-06
1784959200,4.7867e-06
1784962800,6.1163e-06
1784966400,6.4264e-06
1784970000,8.153e-07
1784973600,5.5419e-06
1784977200,6.7269e-06
1784980800,1.25e-05
1784984400,1.25e-05
1784988000,1.25e-05
1784991600,1.25e-05
1784995200,1.25e-05
1784998800,1.25e-05
1785002400,1.25e-05
1785006000,3.6594e-06
1785009600,1.24759e-05
1785013200,2.5362e-06
1785016800,1.8859e-06
1785020400,1.16233e-05
1785024000,1.19035e-05
1785027600,1.25e-05
1785031200,1.25e-05
1785034800,9.0729e-06
1785038400,1.25e-05
1785042000,1.25e-05
1785045600,1.25e-05
1785049200,1.21963e-05
1785052800,1.23325e-05
1785056400,1.25e-05
1785060000,1.25e-05
1785063600,1.25e-05
1785067200,1.25e-05
1785070800,1.25e-05
1785074400,1.25e-05
1785078000,1.25e-05
1785081600,1.25e-05
1785085200,1.25e-05
1785088800,1.25e-05
1785092400,1.25e-05
1785096000,1.25e-05
1785099600,1.25e-05
1785103200,1.25e-05
1785106800,1.25e-05
1785110400,1.25e-05
1785114000,1.25e-05
1785117600,1.25e-05
1785121200,1.25e-05
1785124800,1.25e-05
1785128400,1.25e-05
1785132000,1.25e-05
1785135600,1.25e-05
1785139200,1.25e-05
1785142800,1.25e-05
1785146400,1.25e-05
1785150000,1.25e-05
1785153600,1.25e-05
1785157200,1.25e-05
1785160800,1.25e-05
1785164400,1.10134e-05
1785168000,1.08887e-05
1785171600,1.25e-05
1785175200,5.0657e-06
1785178800,-2.4775e-06
1785182400,1.25e-05
1785186000,1.25e-05
1785189600,1.25e-05
1785193200,-4.2306e-06
1785196800,-5.3984e-06
1785200400,-4.3537e-06
1785204000,6.8869e-06
1785207600,4.9289e-06
1785211200,5.1405e-06
1785214800,1.02294e-05
1785218400,5.9903e-06
1785222000,6.4615e-06
1785225600,-1.3705e-06
1785229200,1.6e-09
1785232800,4.0515e-06
1785236400,1.8632e-06
1785240000,-3.1833e-06
1785243600,1.2866e-06
1785247200,1.5724e-06
1785250800,5.975e-06
1785254400,1.25e-05
1785258000,8.5644e-06
1785261600,-1.7011e-06
1785265200,-7.9565e-06
1785268800,3.6023e-06
1785272400,1.17214e-05
1785276000,1.25e-05
1785279600,-6.967e-07
1785283200,6.3737e-06
1785286800,5.683e-06
1785290400,4.1348e-06
1785294000,9.4559e-06
1785297600,3.5895e-06
1785301200,3.1405e-06
1785304800,1.13244e-05
1785308400,7.2231e-06
1785312000,9.7715e-06
1785315600,1.05191e-05
1785319200,8.1212e-06
1785322800,-1.5648e-06
1785326400,8.7197e-06
1785330000,1.7235e-06
1785333600,7.1369e-06
1785337200,3.259e-06
1785340800,-2.492e-07
1785344400,7.9619e-06
1785348000,1.25e-05
1785351600,6.9737e-06
1785355200,3.9978e-06
1785358800,-5.7223e-06
1785362400,-8.2668e-06
1785366000,5.5537e-06
1785369600,8.3847e-06
1785373200,1.07826e-05
1785376800,1.25e-05
1785380400,1.03703e-05
1785384000,4.2858e-06
1785387600,1.4261e-06
1785391200,6.803e-06
1785394800,8.6125e-06
1785398400,1.08957e-05
1785402000,1.25e-05
1785405600,1.25e-05
1785409200,4.2676e-06
1785412800,2.0361e-06
1785416400,4.8497e-06
1785420000,-7.8133e-06
1785423600,1.555e-07
1785427200,-3.0922e-06
1785430800,-7.9474e-06
1785434400,8.9718e-06
1785438000,-4.9038e-06
1785441600,6.6531e-06
1785445200,3.1063e-06
1785448800,4.12e-06
1785452400,1.25e-05
1785456000,1.25e-05
1785459600,1.25e-05
1785463200,1.04749e-05
1785466800,2.7207e-06
1785470400,1.25e-05
1785474000,1.00939e-05
1785477600,1.1119e-06
1785481200,5.2905e-06
1785484800,3.5996e-06
1785488400,8.8662e-06
1785492000,-7.2206e-06
1785495600,-9.9015e-06
1785499200,-3.017e-06
1785502800,3.4262e-06
1785506400,2.1349e-06
1785510000,-4.4825e-06
1785513600,-1.461e-07
1785517200,-7.415e-07
1785520800,5.6272e-06
1785524400,-4.927e-07
1785528000,2.2451e-06
1785531600,3.3854e-06
1785535200,1.19192e-05
1785538800,1.12919e-05
1785542400,1.22067e-05
1785546000,1.25e-05
1785549600,1.25e-05
1785553200,1.24446e-05
1785556800,8.0877e-06
1785560400,1.6598e-06
1785564000,1.03291e-05
1785567600,1.25e-05
1785571200,1.25e-05
1785574800,2.1262e-06
1785578400,8.0796e-06
1785582000,4.4445e-06
1785585600,4.7193e-06
1785589200,8.602e-06
1785592800,6.387e-06
1785596400,1.9786e-06
1785600000,1.3654e-06
1785603600,8.6894e-06
1785607200,9.6685e-06
1785610800,2.0527e-06
1785614400,4.1764e-06
1785618000,-5.782e-07
1785621600,-2.7438e-06
1785625200,-3.1988e-06
1785628800,-5.153e-06
1785632400,1.4665e-06
1785636000,-6.3693e-06
1785639600,6.267e-07
1785643200,-2.2458e-06
1785646800,1.9624e-06
1785650400,-3.1998e-06
1785654000,-3.7661e-06
1785657600,2.5223e-06
1785661200,1.25e-05
1785664800,1.25e-05
1785668400,5.7141e-06
1785672000,-2.2884e-06
1785675600,1.25e-05
1785679200,1.19274e-05
1785682800,1.25e-05
1785686400,1.25e-05
1785690000,1.25e-05
1785693600,1.25e-05
1785697200,1.25e-05
1785700800,1.25e-05
1785704400,1.25e-05
1785708000,1.25e-05
1785711600,1.25e-05
1785715200,1.25e-05
1785718800,5.0669e-06
1785722400,7.2216e-06
1785726000,4.6305e-06
1785729600,4.9343e-06
1785733200,1.24116e-05
1785736800,7.9325e-06
1785740400,1.01036e-05
1785744000,3.2404e-06
1785747600,7.234e-06
1785751200,1.25e-05
1785754800,1.25e-05
1785758400,1.25e-05
1785762000,1.25e-05
1785765600,1.25e-05
1785769200,1.25e-05
1785772800,7.7151e-06
1785776400,1.1175e-05
1785780000,1.05344e-05
1785783600,1.306e-06
1785787200,-3.5834e-06
1785790800,1.18029e-05
1785794400,6.7847e-06
1785798000,1.0579e-06
1785801600,3.7916e-06
1785805200,5.9566e-06
1785808800,7.627e-06
1785812400,8.8949e-06
1785816000,8.941e-06
1785819600,6.6733e-06
1785823200,1.6342e-06
1785826800,-3.0101e-06
1785830400,1.25e-05
1785834000,9.8686e-06
1785837600,1.25e-05
1785841200,1.25e-05
1785844800,-4.0656e-06
1785848400,1.0217e-06
1785852000,1.5223e-06
1785855600,1.24533e-05
1785859200,1.25e-05
1785862800,1.19054e-05
1785866400,1.25e-05
1785870000,1.25e-05
1785873600,7.098e-06
1785877200,1.06417e-05
1785880800,1.11135e-05
1785884400,1.14991e-05
1785888000,1.25e-05
1785891600,9.3438e-06
1785895200,1.15821e-05
1785898800,5.0605e-06
1785902400,1.25e-05
1785906000,1.21167e-05
1785909600,-2.2806e-06
1785913200,-3.4744e-06
1785916800,4.1474e-06
1785920400,1.25e-05
1785924000,1.25e-05
1785927600,8.6672e-06
1785931200,1.17133e-05
1785934800,1.25e-05
1785938400,1.25e-05
1785942000,1.25e-05
1785945600,1.25e-05
1785949200,1.25e-05
1785952800,1.25e-05
1785956400,1.25e-05
1785960000,1.23185e-05
1785963600,1.25e-05
1785967200,1.25e-05
1785970800,1.22358e-05
1785974400,1.25e-05
1785978000,1.25e-05
1785981600,1.25e-05
1785985200,1.25e-05
1785988800,7.766e-06
1785992400,1.25e-05
1785996000,1.25e-05
1785999600,1.25e-05
1786003200,1.25e-05
1786006800,1.25e-05
1786010400,1.25e-05
1786014000,1.25e-05
1786017600,1.24925e-05
1786021200,8.057e-06
1786024800,1.25e-05
1786028400,1.22613e-05
1786032000,1.25e-05
1786035600,1.25e-05
1786039200,1.08025e-05
1786042800,5.2803e-06
1786046400,6.6058e-06
1786050000,1.10745e-05
1786053600,1.25e-05
1786057200,1.25e-05
1786060800,6.1698e-06
1786064400,1.13006e-05
1786068000,4.8637e-06
1786071600,2.1789e-06
1786075200,-4.085e-06
1786078800,1.5537e-06
1786082400,9.638e-07
1786086000,1.4154e-06
1786089600,2.7008e-06
1786093200,-2.3125e-05
1786096800,-2.73863e-05
1786100400,-2.0355e-06
1786104000,3.243e-06
1786107600,-2.4076e-06
1786111200,-1.7153e-06
1786114800,4.0079e-06
1786118400,4.7056e-06
1786122000,-6.465e-06
1786125600,8.5467e-06
1786129200,3.5598e-06
1786132800,8.39e-08
1786136400,-2.7708e-06
1786140000,3.152e-07
1786143600,-1.6076e-06
1786147200,2.452e-06
1786150800,3.2498e-06
1786154400,7.1016e-06
1786158000,6.0026e-06
1786161600,6.6749e-06
1786165200,1.07593e-05
1786168800,1.10761e-05
1786172400,1.13396e-05
1786176000,1.12566e-05
1786179600,4.6333e-06
1786183200,4.3394e-06
1786186800,-5.425e-07
1786190400,1.25e-05
1786194000,1.25e-05
1786197600,1.25e-05
1786201200,1.25e-05
1786204800,1.01075e-05
1786208400,1.25e-05
1786212000,1.25e-05
1786215600,1.25e-05
1786219200,1.25e-05
1786222800,1.25e-05
1786226400,1.25e-05
1786230000,1.25e-05
1786233600,1.25e-05
1786237200,1.25e-05
1786240800,1.25e-05
1786244400,6.5529e-06
1786248000,1.25e-05
1786251600,1.25e-05
1786255200,1.25e-05
1786258800,1.25e-05
1786262400,1.25e-05
1786266000,1.25e-05
1786269600,1.25e-05
1786273200,1.25e-05
1786276800,1.25e-05
1786280400,1.25e-05
1786284000,1.25e-05
1786287600,1.25e-05
1786291200,1.25e-05
1786294800,1.25e-05
1786298400,1.25e-05
1786302000,1.25e-05
1786305600,1.25e-05
1786309200,1.25e-05
1786312800,1.25e-05
1786316400,1.25e-05
1786320000,1.25e-05
1786323600,1.25e-05
1786327200,1.07275e-05
1786330800,1.25e-05
1786334400,1.25e-05
1786338000,1.25e-05
1786341600,1.25e-05
1786345200,1.25e-05
1786348800,1.25e-05
1786352400,1.25e-05
1786356000,1.25e-05
1786359600,1.25e-05
1786363200,1.25e-05
1786366800,1.25e-05
1786370400,1.25e-05
1786374000,1.25e-05
1786377600,8.544e-07
1786381200,6.2049e-06
1786384800,-5.2318e-06
1786388400,1.7354e-06
1786392000,9.8502e-06
1786395600,5.3808e-06
1786399200,-2.3639e-06
1786402800,-5.9911e-06
1786406400,3.5338e-06
1786410000,2.5295e-06
1786413600,2.9149e-06
1786417200,4.973e-07
1786420800,2.2318e-06
1786424400,-2.7346e-06
1786428000,7.0172e-06
1786431600,1.25e-05
1786435200,1.25e-05
1786438800,1.18226e-05
1786442400,1.25e-05
1786446000,1.25e-05
1786449600,7.2003e-06
1786453200,1.1939e-06
1786456800,3.8209e-06
1786460400,5.527e-06
1786464000,2.9053e-06
1786467600,1.1657e-05
1786471200,1.25e-05
1786474800,1.07043e-05
1786478400,1.25e-05
1786482000,9.483e-06
1786485600,7.3909e-06
1786489200,1.25e-05
1786492800,1.25e-05
1786496400,1.25e-05
1786500000,1.25e-05
1786503600,1.25e-05
1786507200,1.25e-05
1786510800,1.25e-05
1786514400,1.25e-05
1786518000,1.25e-05
1786521600,1.25e-05
1786525200,1.25e-05
1786528800,1.25e-05
1786532400,1.25e-05
1786536000,1.25e-05
1786539600,1.25e-05
1786543200,1.25e-05
1786546800,1.25e-05
1786550400,1.25e-05
1786554000,1.25e-05
1786557600,1.25e-05
1786561200,1.25e-05
1786564800,1.25e-05
1786568400,1.25e-05
1786572000,1.25e-05
1786575600,1.25e-05
1786579200,1.25e-05
1786582800,1.25e-05
1786586400,1.25e-05
1786590000,1.25e-05
1786593600,1.25e-05
1786597200,1.20077e-05
1786600800,1.25e-05
1786604400,1.25e-05
1786608000,8.5235e-06
1786611600,1.25e-05
1786615200,1.25e-05
1786618800,1.25e-05
1786622400,1.25e-05
1786626000,1.25e-05
1786629600,1.25e-05
1786633200,1.25e-05
1786636800,1.1135e-05
1786640400,7.1695e-06
1786644000,1.25e-05
1786647600,1.25e-05
1786651200,1.04537e-05
1786654800,8.8224e-06
1786658400,1.06715e-05
1786662000,1.14114e-05
1786665600,1.05118e-05
1786669200,1.25e-05
1786672800,1.25e-05
1786676400,1.25e-05
1786680000,1.25e-05
1786683600,1.25e-05
1786687200,1.18934e-05
1786690800,1.11361e-05
1786694400,1.21207e-05
1786698000,7.6592e-06
1786701600,1.25e-05
1786705200,1.25e-05
1786708800,1.25e-05
1786712400,1.25e-05
1786716000,1.20918e-05
1786719600,1.03336e-05
1786723200,1.25e-05
1786726800,1.25e-05
1786730400,1.06408e-05
1786734000,1.20834e-05
1786737600,1.11684e-05
1786741200,4.0976e-06
1786744800,4.1034e-06
1786748400,3.1234e-06
1786752000,1.2944e-06
1786755600,6.0861e-06
1786759200,8.3375e-06
1786762800,3.332e-06
1786766400,1.3989e-06
1786770000,-3.68e-08
1786773600,6.1801e-06
1786777200,8.0886e-06
1786780800,8.8918e-06
1786784400,3.8451e-06
1786788000,1.25e-05
1786791600,1.25e-05
1786795200,1.25e-05
1786798800,1.25e-05
1786802400,3.7243e-06
1786806000,4.3932e-06
1786809600,1.25e-05
1786813200,7.177e-06
1786816800,6.0961e-06
1786820400,-1.5862e-06
1786824000,3.2023e-06
1786827600,1.4132e-06
1786831200,-2.8164e-06
1786834800,1.736e-06
1786838400,9.1421e-06
1786842000,7.417e-07
1786845600,1.24703e-05
1786849200,1.25e-05
1786852800,9.1344e-06
1786856400,1.05842e-05
1786860000,1.11665e-05
1786863600,1.25e-05
1786867200,9.9514e-06
1786870800,1.25e-05
1786874400,1.25e-05
1786878000,4.8087e-06
1786881600,1.25e-05
1786885200,5.0472e-06
1786888800,8.0962e-06
1786892400,3.8827e-06
1786896000,4.3492e-06
1786899600,1.25e-05
1786903200,1.25e-05
1786906800,1.25e-05
1786910400,1.25e-05
1786914000,1.07726e-05
1786917600,9.443e-06
1786921200,1.22124e-05
1786924800,1.25e-05
1786928400,1.25e-05
1786932000,1.25e-05
1786935600,8.6431e-06
1786939200,1.14571e-05
1786942800,1.25e-05
1786946400,1.25e-05
1786950000,8.752e-06
1786953600,9.7102e-06
1786957200,7.535e-07
1786960800,7.7364e-06
1786964400,9.5685e-06
1786968000,1.25e-05
1786971600,8.4811e-06
1786975200,1.00861e-05
1786978800,1.11952e-05
1786982400,1.25e-05
1786986000,9.9174e-06
1786989600,1.25e-05
1786993200,1.25e-05
1786996800,7.0498e-06
1787000400,1.25e-05
1787004000,7.3367e-06
1787007600,4.5859e-06
1787011200,1.25e-05
1787014800,1.25e-05
1787018400,1.11409e-05
1787022000,4.525e-06
1787025600,1.8379e-06
1787029200,1.25e-05
1787032800,6.1963e-06
1787036400,7.6809e-06
1787040000,5.0059e-06
1787043600,6.0038e-06
1787047200,-4.9968e-06
1787050800,-3.7409e-06
1787054400,4.9091e-06
1787058000,2.838e-06
1787061600,4.8053e-06
1787065200,7.1276e-06
1787068800,2.2194e-06
1787072400,-6.3491e-06
1787076000,1.1157e-06
1787079600,3.4377e-06
1787083200,7.4247e-06
1787086800,5.4083e-06
1787090400,6.488e-07
1787094000,5.3131e-06
1787097600,1.25e-05
1787101200,1.06165e-05
1787104800,7.0013e-06
1787108400,-6.7251e-06
1787112000,5.9745e-06
1787115600,1.14499e-05
1787119200,-3.458e-07
1787122800,4.6325e-06
1787126400,6.7835e-06
1787130000,-6.1647e-06
1787133600,-2.6699e-06
1787137200,-9.654e-07
1787140800,-1.9763e-06
1787144400,-4.5018e-06
1787148000,-1.53325e-05
1787151600,4.0671e-06
1787155200,1.25e-05
1787158800,1.25e-05
1787162400,1.25e-05
1787166000,1.14537e-05
1787169600,1.25e-05
1787173200,1.25e-05
1787176800,2.66849e-05
1787180400,1.25e-05
1787184000,1.25e-05
1787187600,1.25e-05
1787191200,1.25e-05
1787194800,1.25e-05
1787198400,1.25e-05
1787202000,1.25e-05
1787205600,1.25e-05
1787209200,1.25e-05
1787212800,1.25e-05
1787216400,1.25e-05
1787220000,1.25e-05
1787223600,1.25e-05
1787227200,1.25e-05
1787230800,1.25e-05
1787234400,1.25e-05
1787238000,1.25e-05
1787241600,1.25e-05
1787245200,1.25e-05
1787248800,1.25e-05
1787252400,1.25e-05
1787256000,1.25e-05
1787259600,1.25e-05
1787263200,1.25e-05
1787266800,1.25e-05
1787270400,1.25e-05
1787274000,1.25e-05
1787277600,1.25e-05
1787281200,1.25e-05
1787284800,1.25e-05
1787288400,1.25e-05
1787292000,1.25e-05
1787295600,1.25e-05
1787299200,1.25e-05
1787302800,2.62703e-05
1787306400,1.25e-05
1787310000,1.25e-05
1787313600,1.25e-05
1787317200,1.25e-05
1787320800,1.25e-05
1787324400,1.25e-05
1787328000,1.25e-05
1787331600,1.25e-05
1787335200,1.25e-05
1787338800,1.25e-05
1787342400,1.25e-05
1787346000,1.25e-05
1787349600,1.29607e-05
1787353200,4.66322e-05
1787356800,3.22318e-05
1787360400,2.79535e-05
1787364000,8.34438e-05
1787367600,1.25e-05
1787371200,1.25e-05
1787374800,1.25e-05
1787378400,1.25e-05
1787382000,1.25e-05
1787385600,1.25e-05
1787389200,1.25e-05
1787392800,1.25e-05
1787396400,1.25e-05
1787400000,1.25e-05
1787403600,1.25e-05
1787407200,1.25e-05
1787410800,1.25e-05
1787414400,1.25e-05
1787418000,1.25e-05
1787421600,1.25e-05
1787425200,1.25e-05
1787428800,1.25e-05
1787432400,1.25e-05
1787436000,1.25e-05
1787439600,1.25e-05
1787443200,1.25e-05
1787446800,1.25e-05
1787450400,1.25e-05
1787454000,1.25e-05
1787457600,1.25e-05
1787461200,1.25e-05
1787464800,1.25e-05
1787468400,1.25e-05
1787472000,1.25e-05
1787475600,1.25e-05
1787479200,1.25e-05
1787482800,1.25e-05
1787486400,1.25e-05
1787490000,1.25e-05
1787493600,1.25e-05
1787497200,1.25e-05
1787500800,1.87317e-05
1787504400,1.26126e-05
1787508000,1.25e-05
1787511600,1.25e-05
1787515200,1.25e-05
1787518800,1.25e-05
1787522400,1.25e-05
1787526000,1.25e-05
1787529600,1.25e-05
1787533200,1.25e-05
1787536800,1.25e-05
1787540400,1.25e-05
1787544000,1.25e-05
1787547600,1.25e-05
1787551200,1.25e-05
1787554800,1.25e-05
1787558400,1.25e-05
1787562000,1.25e-05
1787565600,1.25e-05
1787569200,1.25e-05
1787572800,1.64666e-05
1787576400,1.72622e-05
1787580000,1.25e-05
1787583600,1.25e-05
1787587200,1.25e-05
1787590800,1.25e-05
1787594400,1.25e-05
1787598000,1.25e-05
1787601600,1.25e-05
1787605200,1.25e-05
1787608800,1.25e-05
1787612400,1.25e-05
1787616000,1.25e-05
1787619600,1.25e-05
1787623200,1.25e-05
1787626800,1.25e-05
1787630400,1.25e-05
1787634000,1.25e-05
1787637600,1.25e-05
1787641200,1.25e-05
1787644800,1.25e-05
1787648400,1.25e-05
1787652000,1.25e-05
1787655600,1.25e-05
1787659200,1.25e-05
1787662800,1.25e-05
1787666400,6.7128e-06
1787670000,9.2987e-06
1787673600,4.7021e-06
1787677200,9.1897e-06
1787680800,1.03317e-05
1787684400,-2.485e-07
1787688000,-1.9007e-06
1787691600,-9.14e-07
1787695200,-6.4487e-06
1787698800,-1.606e-07
1787702400,-1.19e-07
1787706000,4.1657e-06
1787709600,2.9196e-06
1787713200,1.25e-05
1787716800,1.25e-05
1787720400,1.25e-05
1787724000,1.25e-05
1787727600,8.9235e-06
1787731200,1.25e-05
1787734800,1.25e-05
1787738400,1.25e-05
1787742000,1.25e-05
1787745600,1.25e-05
1787749200,1.25e-05
1787752800,1.25e-05
1787756400,1.18889e-05
1787760000,1.25e-05
1787763600,1.06626e-05
1787767200,1.25e-05
1787770800,1.25e-05
1787774400,1.25e-05
1787778000,1.25e-05
1787781600,1.25e-05
1787785200,1.25e-05
1787788800,1.25e-05
1787792400,1.21997e-05
1787796000,9.9043e-06
1787799600,5.455e-06
1787803200,5.9386e-06
1787806800,9.7295e-06
1787810400,6.4716e-06
1787814000,1.25e-05
1787817600,1.25e-05
1787821200,1.25e-05
1787824800,1.25e-05
1787828400,2.2961e-06
1787832000,6.5132e-06
1787835600,5.9055e-06
1787839200,3.53e-06
1787842800,1.25e-05
1787846400,1.01751e-05
1787850000,1.25e-05
1787853600,1.25e-05
1787857200,-3.6508e-06
1787860800,3.0377e-06
1787864400,7.6989e-06
1787868000,7.916e-06
1787871600,1.10683e-05
1787875200,1.25e-05
1787878800,1.176e-05
1787882400,1.25e-05
1787886000,1.25e-05
1787889600,1.25e-05
1787893200,1.25e-05
1787896800,1.25e-05
1787900400,1.25e-05
1787904000,1.25e-05
1787907600,1.25e-05
1787911200,1.25e-05
1787914800,1.25e-05
1787918400,1.25e-05
1787922000,1.25e-05
1787925600,1.25e-05
1787929200,1.25e-05
1787932800,1.25e-05
1787936400,1.25e-05
1787940000,1.25e-05
1787943600,1.25e-05
1787947200,1.25e-05
1787950800,1.25e-05
1787954400,1.25e-05
1787958000,1.25e-05
1787961600,1.25e-05
1787965200,1.25e-05
1787968800,1.25e-05
1787972400,1.25e-05
1787976000,1.25e-05
1787979600,1.25e-05
1787983200,1.25e-05
1787986800,1.25e-05
1787990400,1.25e-05
1787994000,1.25e-05
1787997600,1.25e-05
1788001200,1.25e-05
1788004800,1.25e-05
1788008400,1.25e-05
1788012000,1.25e-05
1788015600,1.25e-05
1788019200,1.25e-05
1788022800,1.25e-05
1788026400,1.25e-05
1788030000,1.25e-05
1788033600,1.25e-05
1788037200,1.25e-05
1788040800,1.25e-05
1788044400,1.25e-05
1788048000,1.25e-05
1788051600,1.25e-05
1788055200,1.25e-05
1788058800,1.25e-05
1788062400,1.25e-05
1788066000,1.25e-05
1788069600,1.25e-05
1788073200,1.25e-05
1788076800,1.25e-05
1788080400,1.25e-05
1788084000,1.25e-05
1788087600,1.25e-05
1788091200,1.25e-05
1788094800,1.25e-05
1788098400,1.25e-05
1788102000,1.25e-05
1788105600,1.25e-05
1788109200,1.25e-05
1788112800,1.25e-05
1788116400,1.25e-05
1788120000,1.25e-05
1788123600,1.25e-05
1788127200,1.25e-05
1788130800,1.25e-05
1788134400,1.25e-05
1788138000,1.25e-05
1788141600,1.25e-05
1788145200,1.25e-05
1788148800,1.25e-05
1788152400,1.25e-05
1788156000,1.25e-05
1788159600,1.25e-05
1788163200,1.25e-05
1788166800,1.25e-05
1788170400,1.25e-05
1788174000,1.25e-05
1788177600,1.25e-05
1788181200,1.25e-05
1788184800,1.25e-05
1788188400,1.25e-05
1788192000,1.25e-05
1788195600,1.25e-05
1788199200,1.25e-05
1788202800,1.25e-05
1788206400,1.25e-05
1788210000,1.25e-05
1788213600,1.25e-05
1788217200,1.25e-05
1788220800,1.25e-05
1788224400,1.25e-05
1788228000,1.25e-05
1788231600,1.25e-05
1788235200,1.25e-05
1788238800,1.25e-05
1788242400,1.25e-05
1788246000,1.25e-05
1788249600,1.25e-05
1788253200,1.25e-05
1788256800,1.25e-05
1788260400,1.25e-05
1788264000,1.25e-05
1788267600,1.25e-05
1788271200,1.25e-05
1788274800,1.25e-05
1788278400,1.25e-05
1788282000,1.25e-05
1788285600,1.25e-05
1788289200,1.25e-05
1788292800,1.25e-05
1788296400,1.25e-05
1788300000,1.25e-05
1788303600,1.25e-05
1788307200,1.25e-05
1788310800,1.25e-05
1788314400,1.25e-05
1788318000,1.25e-05
1788321600,1.25e-05
1788325200,1.25e-05
1788328800,1.25e-05
1788332400,1.25e-05
1788336000,1.25e-05
1788339600,1.25e-05
1788343200,1.25e-05
1788346800,1.25e-05
1788350400,1.25e-05
1788354000,1.25e-05
1788357600,1.25e-05
1788361200,1.25e-05
1788364800,1.25e-05
1788368400,1.25e-05
1788372000,1.25e-05
1788375600,1.25e-05
1788379200,1.25e-05
1788382800,1.25e-05
1788386400,1.25e-05
1788390000,1.25e-05
1788393600,1.25e-05
1788397200,1.25e-05
1788400800,1.25e-05
1788404400,1.25e-05
1788408000,1.25e-05
1788411600,1.25e-05
1788415200,1.25e-05
1788418800,1.25e-05
1788422400,1.25e-05
1788426000,1.25e-05
1788429600,1.25e-05
1788433200,1.25e-05
1788436800,1.25e-05
1788440400,1.25e-05
1788444000,1.25e-05
1788447600,1.25e-05
1788451200,1.25e-05
1788454800,1.25e-05
1788458400,1.25e-05
1788462000,1.25e-05
1788465600,1.25e-05
1788469200,1.25e-05
1788472800,1.25e-05
1788476400,1.25e-05
1788480000,1.25e-05
1788483600,1.25e-05
1788487200,1.25e-05
1788490800,1.25e-05
1788494400,1.25e-05
1788498000,1.25e-05
1788501600,1.25e-05
1788505200,1.25e-05
1788508800,1.25e-05
1788512400,1.25e-05
1788516000,1.25e-05
1788519600,1.25e-05
1788523200,1.25e-05
1788526800,1.25e-05
1788530400,1.25e-05
1788534000,1.25e-05
1788537600,1.25e-05
1788541200,1.25e-05
1788544800,1.25e-05
1788548400,1.25e-05
1788552000,1.25e-05
1788555600,1.25e-05
1788559200,1.25e-05
1788562800,1.25e-05
1788566400,1.25e-05
1788570000,1.25e-05
1788573600,1.25e-05
1788577200,1.25e-05
1788580800,1.25e-05
1788584400,1.25e-05
1788588000,1.25e-05
1788591600,1.25e-05
1788595200,1.25e-05
1788598800,1.25e-05
1788602400,1.25e-05
1788606000,1.25e-05
1788609600,1.25e-05
1788613200,1.25e-05
1788616800,1.25e-05
1788620400,1.25e-05
1788624000,1.25e-05
1788627600,1.25e-05
1788631200,1.25e-05
1788634800,1.25e-05
1788638400,1.25e-05
1788642000,1.25e-05
1788645600,1.25e-05
1788649200,1.25e-05
1788652800,1.25e-05
1788656400,1.25e-05
1788660000,1.25e-05
1788663600,1.25e-05
1788667200,1.25e-05
1788670800,1.25e-05
1788674400,1.25e-05
1788678000,1.25e-05
1788681600,1.25e-05
1788685200,1.25e-05
1788688800,1.25e-05
1788692400,1.25e-05
1788696000,1.25e-05
1788699600,1.25e-05
1788703200,1.25e-05
1788706800,1.25e-05
1788710400,1.25e-05
1788714000,1.25e-05
1788717600,1.25e-05
1788721200,1.25e-05
1788724800,1.25e-05
1788728400,1.25e-05
1788732000,1.25e-05
1788735600,1.25e-05
1788739200,1.25e-05
1788742800,1.25e-05
1788746400,1.25e-05
1788750000,1.25e-05
1788753600,1.25e-05
1788757200,1.25e-05
1788760800,1.25e-05
1788764400,1.25e-05
1788768000,1.25e-05
1788771600,1.25e-05
1788775200,1.25e-05
1788778800,1.25e-05
1788782400,1.25e-05
1788786000,1.25e-05
1788789600,1.25e-05
1788793200,1.25e-05
1788796800,1.25e-05
1788800400,1.25e-05
1788804000,1.25e-05
1788807600,1.25e-05
1788811200,1.25e-05
1788814800,1.25e-05
1788818400,1.25e-05
1788822000,1.25e-05
1788825600,1.25e-05
1788829200,1.25e-05
1788832800,1.25e-05
1788836400,1.25e-05
1788840000,1.25e-05
1788843600,1.25e-05
1788847200,9.5388e-06
1788850800,1.25e-05
1788854400,1.25e-05
1788858000,1.22348e-05
1788861600,1.25e-05
1788865200,1.25e-05
1788868800,1.25e-05
1788872400,1.25e-05
1788876000,1.20729e-05
1788879600,1.25e-05
1788883200,1.25e-05
1788886800,1.25e-05
1788890400,1.25e-05
1788894000,1.25e-05
1788897600,1.25e-05
1788901200,1.25e-05
1788904800,1.25e-05
1788908400,1.25e-05
1788912000,1.25e-05
1788915600,1.25e-05
1788919200,1.25e-05
1788922800,1.25e-05
1788926400,1.25e-05
1788930000,1.25e-05
1788933600,1.25e-05
1788937200,1.25e-05
1788940800,1.25e-05
1788944400,1.25e-05
1788948000,1.25e-05
1788951600,1.25e-05
1788955200,1.25e-05
1788958800,1.25e-05
1788962400,1.25e-05
1788966000,1.25e-05
1788969600,1.25e-05
1788973200,1.25e-05
1788976800,1.25e-05
1788980400,1.25e-05
1788984000,-2.9042e-06
1788987600,-5.745e-06
1788991200,-1.26612e-05
1788994800,-1.72706e-05
1788998400,5.3293e-06
1789002000,2.2013e-06
1789005600,5.0098e-06
1789009200,5.7831e-06
1789012800,2.8628e-06
1789016400,1.25e-05
1789020000,1.25e-05
1789023600,1.084e-05
1789027200,7.6435e-06
1789030800,3.4604e-06
1789034400,-6.7675e-06
1789038000,-5.6804e-06
1789041600,4.087e-06
1789045200,-9.5497e-06
1789048800,-5.1975e-06
1789052400,-1.3652e-06
1789056000,-3.0256e-06
1789059600,-4.0639e-06
1789063200,1.25e-05
1789066800,1.25e-05
1789070400,1.25e-05
1789074000,1.25e-05
1789077600,1.25e-05
1789081200,1.25e-05
1789084800,1.21774e-05
1789088400,1.25e-05
1789092000,1.25e-05
1789095600,1.25e-05
1789099200,1.25e-05
1789102800,1.25e-05
1789106400,1.25e-05
1789110000,1.25e-05
1789113600,1.25e-05
1789117200,1.25e-05
1789120800,1.25e-05
1789124400,1.25e-05
1789128000,1.25e-05
1789131600,1.25e-05
1789135200,1.25e-05
1789138800,1.25e-05
1789142400,1.25e-05
1789146000,1.25e-05
1789149600,1.10382e-05
1789153200,1.987e-06
1789156800,2.3693e-06
1789160400,4.1919e-06
1789164000,-1.6316e-06
1789167600,-2.585e-06
1789171200,1.3985e-06
1789174800,4.3864e-06
1789178400,5.2386e-06
1789182000,7.7274e-06
1789185600,3.8119e-06
1789189200,4.9747e-06
1789192800,3.4133e-06
1789196400,-1.5789e-06
1789200000,-2.2739e-06
1789203600,-2.144e-06
1789207200,9.1264e-06
1789210800,1.10534e-05
1789214400,1.23541e-05
1789218000,1.25e-05
1789221600,1.03764e-05
1789225200,1.25e-05
1789228800,1.25e-05
1789232400,2.5556e-06
1789236000,8.8475e-06
1789239600,9.6199e-06
1789243200,3.4246e-06
1789246800,2.3311e-06
1789250400,1.25e-05
1789254000,1.25e-05
1789257600,1.25e-05
1789261200,1.25e-05
1789264800,1.25e-05
1789268400,1.25e-05
1789272000,1.25e-05
1789275600,1.25e-05
1789279200,1.25e-05
1789282800,1.25e-05
1789286400,1.20456e-05
1789290000,1.25e-05
1789293600,-1.854e-07
1789297200,9.8566e-06
1789300800,1.09111e-05
1789304400,1.25e-05
1789308000,7.5177e-06
1789311600,1.25e-05
1789315200,9.8686e-06
1789318800,1.25e-05
1789322400,1.25e-05
1789326000,1.25e-05
1789329600,1.25e-05
1789333200,1.25e-05
1789336800,1.25e-05
1789340400,1.25e-05
1789344000,1.25e-05
1789347600,1.25e-05
1789351200,1.25e-05
1789354800,1.25e-05
1789358400,1.25e-05
1789362000,1.25e-05
1789365600,1.25e-05
1789369200,1.25e-05
1789372800,1.25e-05
1789376400,1.25e-05
1789380000,1.25e-05
1789383600,1.25e-05
1789387200,1.25e-05
1789390800,1.25e-05
1789394400,1.25e-05
1789398000,1.25e-05
1789401600,1.25e-05
1789405200,1.25e-05
1789408800,1.25e-05
1789412400,1.25e-05
1789416000,1.25e-05
1789419600,1.25e-05
1789423200,1.25e-05
1789426800,1.25e-05
1789430400,1.25e-05
1789434000,1.25e-05
1789437600,1.25e-05
1789441200,1.25e-05
1789444800,1.2133e-06
1789448400,2.784e-06
1789452000,1.25e-05
1789455600,1.25e-05
1789459200,3.5369e-06
1789462800,7.8652e-06
1789466400,1.25e-05
1789470000,1.25e-05
1789473600,1.25e-05
1789477200,7.1024e-06
1789480800,2.6357e-06
1789484400,-9.8099e-06
1789488000,-6.8236e-06
1789491600,-8.8279e-06
1789495200,-3.6254e-06
1789498800,-6.7515e-06
1789502400,-2.2255e-06
1789506000,-8.441e-06
1789509600,-9.1173e-06
1789513200,-9.5231e-06
1789516800,1.10409e-05
1789520400,9.4082e-06
1789524000,5.7132e-06
1789527600,9.6403e-06
1789531200,9.9923e-06
1789534800,8.2735e-06
1789538400,-1.3519e-06
1789542000,-3.4703e-06
1789545600,-1.39403e-05
1789549200,-4.877e-06
1789552800,8.4242e-06
1789556400,8.1329e-06
1789560000,1.25e-05
1789563600,1.25e-05
1789567200,1.25e-05
1789570800,1.25e-05
1789574400,1.25e-05
1789578000,1.25e-05
1789581600,7.8249e-06
1789585200,1.25e-05
1789588800,2.6431e-06
1789592400,1.00477e-05
1789596000,1.25e-05
1789599600,9.3647e-06
1789603200,1.25e-05
1789606800,1.25e-05
1789610400,1.25e-05
1789614000,1.25e-05
1789617600,1.25e-05
1789621200,1.25e-05
1789624800,1.25e-05
1789628400,1.25e-05
1789632000,1.25e-05
1789635600,1.25e-05
1789639200,1.25e-05
1789642800,4.8806e-06
1789646400,7.6557e-06
1789650000,1.25e-05
1789653600,1.25e-05
1789657200,1.25e-05
1789660800,1.25e-05
1789664400,1.25e-05
1789668000,1.25e-05
1789671600,7.6284e-06
1789675200,4.0376e-06
1789678800,7.5931e-06
1789682400,9.1247e-06
1789686000,8.1046e-06
1789689600,1.01206e-05
1789693200,1.232e-05
1789696800,1.09182e-05
1789700400,1.09315e-05
1789704000,1.25e-05
1789707600,1.25e-05
1789711200,1.25e-05
1789714800,1.25e-05
1789718400,1.25e-05
1789722000,1.25e-05
1789725600,1.25e-05
1789729200,1.25e-05
1789732800,1.25e-05
1789736400,1.25e-05
1789740000,1.25e-05
1789743600,1.25e-05
1789747200,1.25e-05
1789750800,1.25e-05
1789754400,1.25e-05
1789758000,1.25e-05
1789761600,1.25e-05
1789765200,1.25e-05
1789768800,1.25e-05
1789772400,1.25e-05
1789776000,1.25e-05
1789779600,1.25e-05
1789783200,1.25e-05
1789786800,1.25e-05
1789790400,1.70087e-05
1789794000,1.25e-05
1789797600,1.59725e-05
1789801200,1.25e-05
1789804800,1.53092e-05
1789808400,1.25e-05
1789812000,1.8683e-05
1789815600,1.25e-05
1789819200,1.25e-05
1789822800,1.25e-05
1789826400,1.25e-05
1789830000,1.25e-05
1789833600,1.25e-05
1789837200,1.25e-05
1789840800,1.25e-05
1789844400,1.25e-05
1789848000,1.25e-05
1789851600,1.25e-05
1789855200,1.25e-05
1789858800,1.25e-05
1789862400,1.25e-05
1789866000,1.25e-05
1789869600,1.25e-05
1789873200,1.25e-05
1789876800,1.25e-05
1789880400,1.25e-05
1789884000,1.25e-05
1789887600,1.25e-05
1789891200,1.25e-05
1789894800,1.25e-05
1789898400,1.25e-05
1789902000,1.10289e-05
1789905600,1.25e-05
1789909200,1.25e-05
1789912800,1.25e-05
1789916400,1.25e-05
1789920000,1.25e-05
1789923600,1.25e-05
1789927200,1.25e-05
1789930800,1.25e-05
1789934400,1.25e-05
1789938000,1.25e-05
1789941600,1.25e-05
1789945200,1.25e-05
1789948800,1.25e-05
1789952400,1.59983e-05
1789956000,1.25e-05
1789959600,1.25e-05
1789963200,1.25e-05
1789966800,1.2701e-05
1789970400,1.31554e-05
1789974000,2.31615e-05
1789977600,1.70234e-05
1789981200,2.80218e-05
1789984800,2.14775e-05
1789988400,1.9525e-05
1789992000,1.25e-05
1789995600,2.08498e-05
1789999200,3.2522e-05
1790002800,1.98544e-05
1790006400,5.12319e-05
1790010000,4.81688e-05
1790013600,1.25e-05
1790017200,1.25e-05
1790020800,1.25e-05
1790024400,1.81719e-05
1790028000,1.25e-05
1790031600,1.25e-05
1790035200,1.25e-05
1790038800,1.25e-05
1790042400,1.25e-05
1790046000,1.25e-05
1790049600,1.25e-05
1790053200,1.25e-05
1790056800,1.25e-05
1790060400,1.25e-05
1790064000,1.25e-05
1790067600,1.25e-05
1790071200,2.31369e-05
1790074800,2.04467e-05
1790078400,1.8798e-05
1790082000,2.12373e-05
1790085600,1.25e-05
1790089200,1.25e-05
1790092800,1.25e-05
1790096400,1.25e-05
1790100000,1.25e-05
1790103600,1.25e-05
1790107200,1.25e-05
1790110800,1.25e-05
1790114400,1.25e-05
1790118000,1.25e-05
1790121600,1.90707e-05
1790125200,1.25e-05
1790128800,1.25e-05
1790132400,1.25e-05
1790136000,1.25e-05
1790139600,2.52714e-05
1790143200,2.61256e-05
1790146800,3.09277e-05
1790150400,2.47733e-05
1790154000,1.25e-05
1790157600,1.25e-05
1790161200,1.25e-05
1790164800,1.25e-05
1790168400,1.25e-05
1790172000,1.25e-05
1790175600,1.25e-05
1790179200,1.25e-05
1790182800,1.25e-05
1790186400,1.25e-05
1790190000,1.25e-05
1790193600,1.25e-05
1790197200,1.25e-05
1790200800,1.25e-05
1790204400,1.25e-05
1790208000,1.25e-05
1790211600,1.25e-05
1790215200,1.25e-05
1790218800,1.25e-05
1790222400,1.25e-05
1790226000,1.25e-05
1790229600,1.25e-05
1790233200,1.25e-05
1790236800,1.25e-05
1790240400,1.25e-05
1790244000,1.25e-05
